PassengerId,Survived,Pclass,Age,SibSp,Parch,Fare,FamilySize,IsAlone,Family_Survival,Sex_Code,Embarked_C,Embarked_Q,Embarked_S,Title_Master,Title_Miss,Title_Mr,Title_Mrs,Title_Rare,Cabin_A,Cabin_B,Cabin_C,Cabin_D,Cabin_E,Cabin_F,Cabin_X
1,0.0,3,22.0,1,0,7.25,2,0,0.5,1,0,0,1,0,0,1,0,0,0,0,0,0,0,0,1
2,1.0,1,38.0,1,0,71.2833,2,0,0.5,0,1,0,0,0,0,0,1,0,0,0,1,0,0,0,0
3,1.0,3,26.0,0,0,7.925,1,1,0.5,0,0,0,1,0,1,0,0,0,0,0,0,0,0,0,1
4,1.0,1,35.0,1,0,53.1,2,0,0.0,0,0,0,1,0,0,0,1,0,0,0,1,0,0,0,0
5,0.0,3,35.0,0,0,8.05,1,1,0.5,1,0,0,1,0,0,1,0,0,0,0,0,0,0,0,1
6,0.0,3,28.0058536529541,0,0,8.4583,1,1,0.5,1,0,1,0,0,0,1,0,0,0,0,0,0,0,0,1
7,0.0,1,54.0,0,0,51.8625,1,1,0.5,1,0,0,1,0,0,1,0,0,0,0,0,0,1,0,0
8,0.0,3,2.0,3,1,21.075,5,0,0.0,1,0,0,1,1,0,0,0,0,0,0,0,0,0,0,1
9,1.0,3,27.0,0,2,11.1333,3,0,1.0,0,0,0,1,0,0,0,1,0,0,0,0,0,0,0,1
10,1.0,2,14.0,1,0,30.0708,2,0,0.0,0,1,0,0,0,0,0,1,0,0,0,0,0,0,0,1
11,1.0,3,4.0,1,1,16.7,3,0,1.0,0,0,0,1,0,1,0,0,0,0,0,0,0,0,0,1
12,1.0,1,58.0,0,0,26.55,1,1,0.5,0,0,0,1,0,1,0,0,0,0,0,1,0,0,0,0
13,0.0,3,20.0,0,0,8.05,1,1,0.5,1,0,0,1,0,0,1,0,0,0,0,0,0,0,0,1
14,0.0,3,39.0,1,5,31.275,7,0,0.0,1,0,0,1,0,0,1,0,0,0,0,0,0,0,0,1
15,0.0,3,14.0,0,0,7.8542,1,1,0.5,0,0,0,1,0,1,0,0,0,0,0,0,0,0,0,1
16,1.0,2,55.0,0,0,16.0,1,1,0.5,0,0,0,1,0,0,0,1,0,0,0,0,0,0,0,1
17,0.0,3,2.0,4,1,29.125,6,0,0.0,1,0,1,0,1,0,0,0,0,0,0,0,0,0,0,1
18,1.0,2,32.56178283691406,0,0,13.0,1,1,0.5,1,0,0,1,0,0,1,0,0,0,0,0,0,0,0,1
19,0.0,3,31.0,1,0,18.0,2,0,0.0,0,0,0,1,0,0,0,1,0,0,0,0,0,0,0,1
20,1.0,3,28.0058536529541,0,0,7.225,1,1,0.5,0,1,0,0,0,0,0,1,0,0,0,0,0,0,0,1
21,0.0,2,35.0,0,0,26.0,1,1,0.0,1,0,0,1,0,0,1,0,0,0,0,0,0,0,0,1
22,1.0,2,34.0,0,0,13.0,1,1,0.5,1,0,0,1,0,0,1,0,0,0,0,0,1,0,0,0
23,1.0,3,15.0,0,0,8.0292,1,1,0.5,0,0,1,0,0,1,0,0,0,0,0,0,0,0,0,1
24,1.0,1,28.0,0,0,35.5,1,1,0.5,1,0,0,1,0,0,1,0,0,1,0,0,0,0,0,0
25,0.0,3,8.0,3,1,21.075,5,0,0.0,0,0,0,1,0,1,0,0,0,0,0,0,0,0,0,1
26,1.0,3,38.0,1,5,31.3875,7,0,1.0,0,0,0,1,0,0,0,1,0,0,0,0,0,0,0,1
27,0.0,3,28.0058536529541,0,0,7.225,1,1,0.5,1,1,0,0,0,0,1,0,0,0,0,0,0,0,0,1
28,0.0,1,19.0,3,2,263.0,6,0,1.0,1,0,0,1,0,0,1,0,0,0,0,1,0,0,0,0
29,1.0,3,28.0058536529541,0,0,7.8792,1,1,0.5,0,0,1,0,0,1,0,0,0,0,0,0,0,0,0,1
30,0.0,3,28.0058536529541,0,0,7.8958,1,1,0.5,1,0,0,1,0,0,1,0,0,0,0,0,0,0,0,1
31,0.0,1,40.0,0,0,27.7208,1,1,0.5,1,1,0,0,0,0,0,0,1,0,0,0,0,0,0,1
32,1.0,1,40.080406188964844,1,0,146.5208,2,0,1.0,0,1,0,0,0,0,0,1,0,0,1,0,0,0,0,0
33,1.0,3,28.0058536529541,0,0,7.75,1,1,0.5,0,0,1,0,0,1,0,0,0,0,0,0,0,0,0,1
34,0.0,2,66.0,0,0,10.5,1,1,0.5,1,0,0,1,0,0,1,0,0,0,0,0,0,0,0,1
35,0.0,1,28.0,1,0,82.1708,2,0,1.0,1,1,0,0,0,0,1,0,0,0,0,0,0,0,0,1
36,0.0,1,42.0,1,0,52.0,2,0,1.0,1,0,0,1,0,0,1,0,0,0,0,0,0,0,0,1
37,1.0,3,28.0058536529541,0,0,7.2292,1,1,0.5,1,1,0,0,0,0,1,0,0,0,0,0,0,0,0,1
38,0.0,3,21.0,0,0,8.05,1,1,0.5,1,0,0,1,0,0,1,0,0,0,0,0,0,0,0,1
39,0.0,3,18.0,2,0,18.0,3,0,0.0,0,0,0,1,0,1,0,0,0,0,0,0,0,0,0,1
40,1.0,3,14.0,1,0,11.2417,2,0,1.0,0,1,0,0,0,1,0,0,0,0,0,0,0,0,0,1
41,0.0,3,40.0,1,0,9.475,2,0,0.5,0,0,0,1,0,0,0,1,0,0,0,0,0,0,0,1
42,0.0,2,27.0,1,0,21.0,2,0,0.0,0,0,0,1,0,0,0,1,0,0,0,0,0,0,0,1
43,0.0,3,28.0058536529541,0,0,7.8958,1,1,0.5,1,1,0,0,0,0,1,0,0,0,0,0,0,0,0,1
44,1.0,2,3.0,1,2,41.5792,4,0,1.0,0,1,0,0,0,1,0,0,0,0,0,0,0,0,0,1
45,1.0,3,19.0,0,0,7.8792,1,1,0.5,0,0,1,0,0,1,0,0,0,0,0,0,0,0,0,1
46,0.0,3,28.0058536529541,0,0,8.05,1,1,0.5,1,0,0,1,0,0,1,0,0,0,0,0,0,0,0,1
47,0.0,3,27.537206649780273,1,0,15.5,2,0,0.5,1,0,1,0,0,0,1,0,0,0,0,0,0,0,0,1
48,1.0,3,28.0058536529541,0,0,7.75,1,1,0.5,0,0,1,0,0,1,0,0,0,0,0,0,0,0,0,1
49,0.0,3,24.769901275634766,2,0,21.6792,3,0,0.5,1,1,0,0,0,0,1,0,0,0,0,0,0,0,0,1
50,0.0,3,18.0,1,0,17.8,2,0,0.0,0,0,0,1,0,0,0,1,0,0,0,0,0,0,0,1
51,0.0,3,7.0,4,1,39.6875,6,0,0.0,1,0,0,1,1,0,0,0,0,0,0,0,0,0,0,1
52,0.0,3,21.0,0,0,7.8,1,1,0.5,1,0,0,1,0,0,1,0,0,0,0,0,0,0,0,1
53,1.0,1,49.0,1,0,76.7292,2,0,1.0,0,1,0,0,0,0,0,1,0,0,0,0,1,0,0,0
54,1.0,2,29.0,1,0,26.0,2,0,0.5,0,0,0,1,0,0,0,1,0,0,0,0,0,0,0,1
55,0.0,1,65.0,0,1,61.9792,2,0,0.5,1,1,0,0,0,0,1,0,0,0,1,0,0,0,0,0
56,1.0,1,40.9089469909668,0,0,35.5,1,1,0.5,1,0,0,1,0,0,1,0,0,0,0,1,0,0,0,0
57,1.0,2,21.0,0,0,10.5,1,1,0.5,0,0,0,1,0,1,0,0,0,0,0,0,0,0,0,1
58,0.0,3,28.5,0,0,7.2292,1,1,0.5,1,1,0,0,0,0,1,0,0,0,0,0,0,0,0,1
59,1.0,2,5.0,1,2,27.75,4,0,1.0,0,0,0,1,0,1,0,0,0,0,0,0,0,0,0,1
60,0.0,3,11.0,5,2,46.9,8,0,0.0,1,0,0,1,1,0,0,0,0,0,0,0,0,0,0,1
61,0.0,3,22.0,0,0,7.2292,1,1,0.5,1,1,0,0,0,0,1,0,0,0,0,0,0,0,0,1
62,1.0,1,38.0,0,0,80.0,1,1,1.0,0,0,0,1,0,1,0,0,0,0,1,0,0,0,0,0
63,0.0,1,45.0,1,0,83.475,2,0,1.0,1,0,0,1,0,0,1,0,0,0,0,1,0,0,0,0
64,0.0,3,4.0,3,2,27.9,6,0,0.0,1,0,0,1,1,0,0,0,0,0,0,0,0,0,0,1
65,0.0,1,40.9089469909668,0,0,27.7208,1,1,0.5,1,1,0,0,0,0,1,0,0,0,0,0,0,0,0,1
66,1.0,3,17.89824867248535,1,1,15.2458,3,0,1.0,1,1,0,0,1,0,0,0,0,0,0,0,0,0,0,1
67,1.0,2,29.0,0,0,10.5,1,1,0.5,0,0,0,1,0,0,0,1,0,0,0,0,0,0,1,0
68,0.0,3,19.0,0,0,8.1583,1,1,0.5,1,0,0,1,0,0,1,0,0,0,0,0,0,0,0,1
69,1.0,3,17.0,4,2,7.925,7,0,0.5,0,0,0,1,0,1,0,0,0,0,0,0,0,0,0,1
70,0.0,3,26.0,2,0,8.6625,3,0,0.5,1,0,0,1,0,0,1,0,0,0,0,0,0,0,0,1
71,0.0,2,32.0,0,0,10.5,1,1,0.5,1,0,0,1,0,0,1,0,0,0,0,0,0,0,0,1
72,0.0,3,16.0,5,2,46.9,8,0,0.0,0,0,0,1,0,1,0,0,0,0,0,0,0,0,0,1
73,0.0,2,21.0,0,0,73.5,1,1,0.0,1,0,0,1,0,0,1,0,0,0,0,0,0,0,0,1
74,0.0,3,26.0,1,0,14.4542,2,0,0.5,1,1,0,0,0,0,1,0,0,0,0,0,0,0,0,1
75,1.0,3,32.0,0,0,56.4958,1,1,1.0,1,0,0,1,0,0,1,0,0,0,0,0,0,0,0,1
76,0.0,3,25.0,0,0,7.65,1,1,0.5,1,0,0,1,0,0,1,0,0,0,0,0,0,0,1,0
77,0.0,3,28.0058536529541,0,0,7.8958,1,1,0.5,1,0,0,1,0,0,1,0,0,0,0,0,0,0,0,1
78,0.0,3,28.0058536529541,0,0,8.05,1,1,0.5,1,0,0,1,0,0,1,0,0,0,0,0,0,0,0,1
79,1.0,2,0.83,0,2,29.0,3,0,1.0,1,0,0,1,1,0,0,0,0,0,0,0,0,0,0,1
80,1.0,3,30.0,0,0,12.475,1,1,1.0,0,0,0,1,0,1,0,0,0,0,0,0,0,0,0,1
81,0.0,3,22.0,0,0,9.0,1,1,0.5,1,0,0,1,0,0,1,0,0,0,0,0,0,0,0,1
82,1.0,3,29.0,0,0,9.5,1,1,0.5,1,0,0,1,0,0,1,0,0,0,0,0,0,0,0,1
83,1.0,3,28.0058536529541,0,0,7.7875,1,1,0.5,0,0,1,0,0,1,0,0,0,0,0,0,0,0,0,1
84,0.0,1,28.0,0,0,47.1,1,1,0.5,1,0,0,1,0,0,1,0,0,0,0,0,0,0,0,1
85,1.0,2,17.0,0,0,10.5,1,1,0.5,0,0,0,1,0,1,0,0,0,0,0,0,0,0,0,1
86,1.0,3,33.0,3,0,15.85,4,0,0.0,0,0,0,1,0,0,0,1,0,0,0,0,0,0,0,1
87,0.0,3,16.0,1,3,34.375,5,0,0.0,1,0,0,1,0,0,1,0,0,0,0,0,0,0,0,1
88,0.0,3,28.0058536529541,0,0,8.05,1,1,0.5,1,0,0,1,0,0,1,0,0,0,0,0,0,0,0,1
89,1.0,1,23.0,3,2,263.0,6,0,1.0,0,0,0,1,0,1,0,0,0,0,0,1,0,0,0,0
90,0.0,3,24.0,0,0,8.05,1,1,0.5,1,0,0,1,0,0,1,0,0,0,0,0,0,0,0,1
91,0.0,3,29.0,0,0,8.05,1,1,0.5,1,0,0,1,0,0,1,0,0,0,0,0,0,0,0,1
92,0.0,3,20.0,0,0,7.8542,1,1,0.5,1,0,0,1,0,0,1,0,0,0,0,0,0,0,0,1
93,0.0,1,46.0,1,0,61.175,2,0,0.5,1,0,0,1,0,0,1,0,0,0,0,0,0,1,0,0
94,0.0,3,26.0,1,2,20.575,4,0,1.0,1,0,0,1,0,0,1,0,0,0,0,0,0,0,0,1
95,0.0,3,59.0,0,0,7.25,1,1,0.5,1,0,0,1,0,0,1,0,0,0,0,0,0,0,0,1
96,0.0,3,28.0058536529541,0,0,8.05,1,1,0.5,1,0,0,1,0,0,1,0,0,0,0,0,0,0,0,1
97,0.0,1,71.0,0,0,34.6542,1,1,0.5,1,1,0,0,0,0,1,0,0,1,0,0,0,0,0,0
98,1.0,1,23.0,0,1,63.3583,2,0,0.5,1,1,0,0,0,0,1,0,0,0,0,0,1,0,0,0
99,1.0,2,34.0,0,1,23.0,2,0,1.0,0,0,0,1,0,0,0,1,0,0,0,0,0,0,0,1
100,0.0,2,34.0,1,0,26.0,2,0,1.0,1,0,0,1,0,0,1,0,0,0,0,0,0,0,0,1
101,0.0,3,28.0,0,0,7.8958,1,1,0.5,0,0,0,1,0,1,0,0,0,0,0,0,0,0,0,1
102,0.0,3,26.820613861083984,0,0,7.8958,1,1,0.0,1,0,0,1,0,0,1,0,0,0,0,0,0,0,0,1
103,0.0,1,21.0,0,1,77.2875,2,0,0.0,1,0,0,1,0,0,1,0,0,0,0,0,1,0,0,0
104,0.0,3,33.0,0,0,8.6542,1,1,0.5,1,0,0,1,0,0,1,0,0,0,0,0,0,0,0,1
105,0.0,3,37.0,2,0,7.925,3,0,0.0,1,0,0,1,0,0,1,0,0,0,0,0,0,0,0,1
106,0.0,3,28.0,0,0,7.8958,1,1,0.5,1,0,0,1,0,0,1,0,0,0,0,0,0,0,0,1
107,1.0,3,21.0,0,0,7.65,1,1,0.5,0,0,0,1,0,1,0,0,0,0,0,0,0,0,0,1
108,1.0,3,28.0058536529541,0,0,7.775,1,1,0.5,1,0,0,1,0,0,1,0,0,0,0,0,0,0,0,1
109,0.0,3,38.0,0,0,7.8958,1,1,0.5,1,0,0,1,0,0,1,0,0,0,0,0,0,0,0,1
110,1.0,3,26.351966857910156,1,0,24.15,2,0,0.0,0,0,1,0,0,1,0,0,0,0,0,0,0,0,0,1
111,0.0,1,47.0,0,0,52.0,1,1,0.0,1,0,0,1,0,0,1,0,0,0,0,1,0,0,0,0
112,0.0,3,14.5,1,0,14.4542,2,0,0.0,0,1,0,0,0,1,0,0,0,0,0,0,0,0,0,1
113,0.0,3,22.0,0,0,8.05,1,1,0.5,1,0,0,1,0,0,1,0,0,0,0,0,0,0,0,1
114,0.0,3,20.0,1,0,9.825,2,0,0.0,0,0,0,1,0,1,0,0,0,0,0,0,0,0,0,1
115,0.0,3,17.0,0,0,14.4583,1,1,0.0,0,1,0,0,0,1,0,0,0,0,0,0,0,0,0,1
116,0.0,3,21.0,0,0,7.925,1,1,0.5,1,0,0,1,0,0,1,0,0,0,0,0,0,0,0,1
117,0.0,3,70.5,0,0,7.75,1,1,0.5,1,0,1,0,0,0,1,0,0,0,0,0,0,0,0,1
118,0.0,2,29.0,1,0,21.0,2,0,0.0,1,0,0,1,0,0,1,0,0,0,0,0,0,0,0,1
119,0.0,1,24.0,0,1,247.5208,2,0,1.0,1,1,0,0,0,0,1,0,0,0,1,0,0,0,0,0
120,0.0,3,2.0,4,2,31.275,7,0,0.0,0,0,0,1,0,1,0,0,0,0,0,0,0,0,0,1
121,0.0,2,21.0,2,0,73.5,3,0,0.0,1,0,0,1,0,0,1,0,0,0,0,0,0,0,0,1
122,0.0,3,28.0058536529541,0,0,8.05,1,1,0.5,1,0,0,1,0,0,1,0,0,0,0,0,0,0,0,1
123,0.0,2,32.5,1,0,30.0708,2,0,1.0,1,1,0,0,0,0,1,0,0,0,0,0,0,0,0,1
124,1.0,2,32.5,0,0,13.0,1,1,0.5,0,0,0,1,0,1,0,0,0,0,0,0,0,1,0,0
125,0.0,1,54.0,0,1,77.2875,2,0,0.0,1,0,0,1,0,0,1,0,0,0,0,0,1,0,0,0
126,1.0,3,12.0,1,0,11.2417,2,0,1.0,1,1,0,0,1,0,0,0,0,0,0,0,0,0,0,1
127,0.0,3,28.0058536529541,0,0,7.75,1,1,0.5,1,0,1,0,0,0,1,0,0,0,0,0,0,0,0,1
128,1.0,3,24.0,0,0,7.1417,1,1,0.5,1,0,0,1,0,0,1,0,0,0,0,0,0,0,0,1
129,1.0,3,17.89824867248535,1,1,22.3583,3,0,1.0,0,1,0,0,0,1,0,0,0,0,0,0,0,0,1,0
130,0.0,3,45.0,0,0,6.975,1,1,0.5,1,0,0,1,0,0,1,0,0,0,0,0,0,0,0,1
131,0.0,3,33.0,0,0,7.8958,1,1,0.5,1,1,0,0,0,0,1,0,0,0,0,0,0,0,0,1
132,0.0,3,20.0,0,0,7.05,1,1,0.5,1,0,0,1,0,0,1,0,0,0,0,0,0,0,0,1
133,0.0,3,47.0,1,0,14.5,2,0,0.5,0,0,0,1,0,0,0,1,0,0,0,0,0,0,0,1
134,1.0,2,29.0,1,0,26.0,2,0,0.5,0,0,0,1,0,0,0,1,0,0,0,0,0,0,0,1
135,0.0,2,25.0,0,0,13.0,1,1,0.5,1,0,0,1,0,0,1,0,0,0,0,0,0,0,0,1
136,0.0,2,23.0,0,0,15.0458,1,1,0.5,1,1,0,0,0,0,1,0,0,0,0,0,0,0,0,1
137,1.0,1,19.0,0,2,26.2833,3,0,0.5,0,0,0,1,0,1,0,0,0,0,0,0,1,0,0,0
138,0.0,1,37.0,1,0,53.1,2,0,1.0,1,0,0,1,0,0,1,0,0,0,0,1,0,0,0,0
139,0.0,3,16.0,0,0,9.2167,1,1,0.0,1,0,0,1,0,0,1,0,0,0,0,0,0,0,0,1
140,0.0,1,24.0,0,0,79.2,1,1,0.0,1,1,0,0,0,0,1,0,0,0,1,0,0,0,0,0
141,0.0,3,20.20081901550293,0,2,15.2458,3,0,0.0,0,1,0,0,0,0,0,1,0,0,0,0,0,0,0,1
142,1.0,3,22.0,0,0,7.75,1,1,0.5,0,0,0,1,0,1,0,0,0,0,0,0,0,0,0,1
143,1.0,3,24.0,1,0,15.85,2,0,0.0,0,0,0,1,0,0,0,1,0,0,0,0,0,0,0,1
144,0.0,3,19.0,0,0,6.75,1,1,0.5,1,0,1,0,0,0,1,0,0,0,0,0,0,0,0,1
145,0.0,2,18.0,0,0,11.5,1,1,0.5,1,0,0,1,0,0,1,0,0,0,0,0,0,0,0,1
146,0.0,2,19.0,1,1,36.75,3,0,1.0,1,0,0,1,0,0,1,0,0,0,0,0,0,0,0,1
147,1.0,3,27.0,0,0,7.7958,1,1,0.5,1,0,0,1,0,0,1,0,0,0,0,0,0,0,0,1
148,0.0,3,9.0,2,2,34.375,5,0,0.0,0,0,0,1,0,1,0,0,0,0,0,0,0,0,0,1
149,0.0,2,36.5,0,2,26.0,3,0,1.0,1,0,0,1,0,0,1,0,0,0,0,0,0,0,1,0
150,0.0,2,42.0,0,0,13.0,1,1,0.5,1,0,0,1,0,0,0,0,1,0,0,0,0,0,0,1
151,0.0,2,51.0,0,0,12.525,1,1,0.5,1,0,0,1,0,0,0,0,1,0,0,0,0,0,0,1
152,1.0,1,22.0,1,0,66.6,2,0,0.0,0,0,0,1,0,0,0,1,0,0,0,1,0,0,0,0
153,0.0,3,55.5,0,0,8.05,1,1,0.5,1,0,0,1,0,0,1,0,0,0,0,0,0,0,0,1
154,0.0,3,40.5,0,2,14.5,3,0,0.5,1,0,0,1,0,0,1,0,0,0,0,0,0,0,0,1
155,0.0,3,28.0058536529541,0,0,7.3125,1,1,0.5,1,0,0,1,0,0,1,0,0,0,0,0,0,0,0,1
156,0.0,1,51.0,0,1,61.3792,2,0,0.5,1,1,0,0,0,0,1,0,0,0,0,0,0,0,0,1
157,1.0,3,16.0,0,0,7.7333,1,1,0.5,0,0,1,0,0,1,0,0,0,0,0,0,0,0,0,1
158,0.0,3,30.0,0,0,8.05,1,1,0.5,1,0,0,1,0,0,1,0,0,0,0,0,0,0,0,1
159,0.0,3,28.0058536529541,0,0,8.6625,1,1,0.5,1,0,0,1,0,0,1,0,0,0,0,0,0,0,0,1
160,0.0,3,9.835808753967285,8,2,69.55,11,0,0.0,1,0,0,1,1,0,0,0,0,0,0,0,0,0,0,1
161,0.0,3,44.0,0,1,16.1,2,0,0.5,1,0,0,1,0,0,1,0,0,0,0,0,0,0,0,1
162,1.0,2,40.0,0,0,15.75,1,1,0.5,0,0,0,1,0,0,0,1,0,0,0,0,0,0,0,1
163,0.0,3,26.0,0,0,7.775,1,1,0.5,1,0,0,1,0,0,1,0,0,0,0,0,0,0,0,1
164,0.0,3,17.0,0,0,8.6625,1,1,0.0,1,0,0,1,0,0,1,0,0,0,0,0,0,0,0,1
165,0.0,3,1.0,4,1,39.6875,6,0,0.0,1,0,0,1,1,0,0,0,0,0,0,0,0,0,0,1
166,1.0,3,9.0,0,2,20.525,3,0,1.0,1,0,0,1,1,0,0,0,0,0,0,0,0,0,0,1
167,1.0,1,38.9046745300293,0,1,55.0,2,0,1.0,0,0,0,1,0,0,0,1,0,0,0,0,0,1,0,0
168,0.0,3,45.0,1,4,27.9,6,0,0.0,0,0,0,1,0,0,0,1,0,0,0,0,0,0,0,1
169,0.0,1,40.9089469909668,0,0,25.925,1,1,0.5,1,0,0,1,0,0,1,0,0,0,0,0,0,0,0,1
170,0.0,3,28.0,0,0,56.4958,1,1,1.0,1,0,0,1,0,0,1,0,0,0,0,0,0,0,0,1
171,0.0,1,61.0,0,0,33.5,1,1,0.5,1,0,0,1,0,0,1,0,0,0,1,0,0,0,0,0
172,0.0,3,4.0,4,1,29.125,6,0,0.0,1,0,1,0,1,0,0,0,0,0,0,0,0,0,0,1
173,1.0,3,1.0,1,1,11.1333,3,0,1.0,0,0,0,1,0,1,0,0,0,0,0,0,0,0,0,1
174,0.0,3,21.0,0,0,7.925,1,1,0.5,1,0,0,1,0,0,1,0,0,0,0,0,0,0,0,1
175,0.0,1,56.0,0,0,30.6958,1,1,0.5,1,1,0,0,0,0,1,0,0,1,0,0,0,0,0,0
176,0.0,3,18.0,1,1,7.8542,3,0,0.5,1,0,0,1,0,0,1,0,0,0,0,0,0,0,0,1
177,0.0,3,8.285893440246582,3,1,25.4667,5,0,0.0,1,0,0,1,1,0,0,0,0,0,0,0,0,0,0,1
178,0.0,1,50.0,0,0,28.7125,1,1,0.5,0,1,0,0,0,1,0,0,0,0,0,1,0,0,0,0
179,0.0,2,30.0,0,0,13.0,1,1,0.5,1,0,0,1,0,0,1,0,0,0,0,0,0,0,0,1
180,0.0,3,36.0,0,0,0.0,1,1,1.0,1,0,0,1,0,0,1,0,0,0,0,0,0,0,0,1
181,0.0,3,9.835808753967285,8,2,69.55,11,0,0.0,0,0,0,1,0,1,0,0,0,0,0,0,0,0,0,1
182,0.0,2,32.56178283691406,0,0,15.05,1,1,0.5,1,1,0,0,0,0,1,0,0,0,0,0,0,0,0,1
183,0.0,3,9.0,4,2,31.3875,7,0,1.0,1,0,0,1,1,0,0,0,0,0,0,0,0,0,0,1
184,1.0,2,1.0,2,1,39.0,4,0,1.0,1,0,0,1,1,0,0,0,0,0,0,0,0,0,1,0
185,1.0,3,4.0,0,2,22.025,3,0,0.5,0,0,0,1,0,1,0,0,0,0,0,0,0,0,0,1
186,0.0,1,40.9089469909668,0,0,50.0,1,1,0.5,1,0,0,1,0,0,1,0,0,1,0,0,0,0,0,0
187,1.0,3,26.351966857910156,1,0,15.5,2,0,0.0,0,0,1,0,0,0,0,1,0,0,0,0,0,0,0,1
188,1.0,1,45.0,0,0,26.55,1,1,0.5,1,0,0,1,0,0,1,0,0,0,0,0,0,0,0,1
189,0.0,3,40.0,1,1,15.5,3,0,0.0,1,0,1,0,0,0,1,0,0,0,0,0,0,0,0,1
190,0.0,3,36.0,0,0,7.8958,1,1,0.5,1,0,0,1,0,0,1,0,0,0,0,0,0,0,0,1
191,1.0,2,32.0,0,0,13.0,1,1,0.5,0,0,0,1,0,0,0,1,0,0,0,0,0,0,0,1
192,0.0,2,19.0,0,0,13.0,1,1,0.5,1,0,0,1,0,0,1,0,0,0,0,0,0,0,0,1
193,1.0,3,19.0,1,0,7.8542,2,0,0.5,0,0,0,1,0,1,0,0,0,0,0,0,0,0,0,1
194,1.0,2,3.0,1,1,26.0,3,0,1.0,1,0,0,1,1,0,0,0,0,0,0,0,0,0,1,0
195,1.0,1,44.0,0,0,27.7208,1,1,0.5,0,1,0,0,0,0,0,1,0,0,1,0,0,0,0,0
196,1.0,1,58.0,0,0,146.5208,1,1,1.0,0,1,0,0,0,1,0,0,0,0,1,0,0,0,0,0
197,0.0,3,28.0058536529541,0,0,7.75,1,1,0.5,1,0,1,0,0,0,1,0,0,0,0,0,0,0,0,1
198,0.0,3,42.0,0,1,8.4042,2,0,0.5,1,0,0,1,0,0,1,0,0,0,0,0,0,0,0,1
199,1.0,3,28.0058536529541,0,0,7.75,1,1,0.5,0,0,1,0,0,1,0,0,0,0,0,0,0,0,0,1
200,0.0,2,24.0,0,0,13.0,1,1,0.5,0,0,0,1,0,1,0,0,0,0,0,0,0,0,0,1
201,0.0,3,28.0,0,0,9.5,1,1,0.5,1,0,0,1,0,0,1,0,0,0,0,0,0,0,0,1
202,0.0,3,9.835808753967285,8,2,69.55,11,0,0.0,1,0,0,1,0,0,1,0,0,0,0,0,0,0,0,1
203,0.0,3,34.0,0,0,6.4958,1,1,0.5,1,0,0,1,0,0,1,0,0,0,0,0,0,0,0,1
204,0.0,3,45.5,0,0,7.225,1,1,0.5,1,1,0,0,0,0,1,0,0,0,0,0,0,0,0,1
205,1.0,3,18.0,0,0,8.05,1,1,0.5,1,0,0,1,0,0,1,0,0,0,0,0,0,0,0,1
206,0.0,3,2.0,0,1,10.4625,2,0,0.0,0,0,0,1,0,1,0,0,0,0,0,0,0,0,0,1
207,0.0,3,32.0,1,0,15.85,2,0,1.0,1,0,0,1,0,0,1,0,0,0,0,0,0,0,0,1
208,1.0,3,26.0,0,0,18.7875,1,1,0.0,1,1,0,0,0,0,1,0,0,0,0,0,0,0,0,1
209,1.0,3,16.0,0,0,7.75,1,1,0.5,0,0,1,0,0,1,0,0,0,0,0,0,0,0,0,1
210,1.0,1,40.0,0,0,31.0,1,1,0.5,1,1,0,0,0,0,1,0,0,1,0,0,0,0,0,0
211,0.0,3,24.0,0,0,7.05,1,1,0.0,1,0,0,1,0,0,1,0,0,0,0,0,0,0,0,1
212,1.0,2,35.0,0,0,21.0,1,1,0.5,0,0,0,1,0,1,0,0,0,0,0,0,0,0,0,1
213,0.0,3,22.0,0,0,7.25,1,1,0.5,1,0,0,1,0,0,1,0,0,0,0,0,0,0,0,1
214,0.0,2,30.0,0,0,13.0,1,1,0.5,1,0,0,1,0,0,1,0,0,0,0,0,0,0,0,1
215,0.0,3,27.537206649780273,1,0,7.75,2,0,0.5,1,0,1,0,0,0,1,0,0,0,0,0,0,0,0,1
216,1.0,1,31.0,1,0,113.275,2,0,1.0,0,1,0,0,0,1,0,0,0,0,0,0,1,0,0,0
217,1.0,3,27.0,0,0,7.925,1,1,0.5,0,0,0,1,0,1,0,0,0,0,0,0,0,0,0,1
218,0.0,2,42.0,1,0,27.0,2,0,1.0,1,0,0,1,0,0,1,0,0,0,0,0,0,0,0,1
219,1.0,1,32.0,0,0,76.2917,1,1,0.5,0,1,0,0,0,1,0,0,0,0,0,0,1,0,0,0
220,0.0,2,30.0,0,0,10.5,1,1,1.0,1,0,0,1,0,0,1,0,0,0,0,0,0,0,0,1
221,1.0,3,16.0,0,0,8.05,1,1,0.5,1,0,0,1,0,0,1,0,0,0,0,0,0,0,0,1
222,0.0,2,27.0,0,0,13.0,1,1,0.5,1,0,0,1,0,0,1,0,0,0,0,0,0,0,0,1
223,0.0,3,51.0,0,0,8.05,1,1,0.5,1,0,0,1,0,0,1,0,0,0,0,0,0,0,0,1
224,0.0,3,28.0058536529541,0,0,7.8958,1,1,0.5,1,0,0,1,0,0,1,0,0,0,0,0,0,0,0,1
225,1.0,1,38.0,1,0,90.0,2,0,1.0,1,0,0,1,0,0,1,0,0,0,0,1,0,0,0,0
226,0.0,3,22.0,0,0,9.35,1,1,0.5,1,0,0,1,0,0,1,0,0,0,0,0,0,0,0,1
227,1.0,2,19.0,0,0,10.5,1,1,0.5,1,0,0,1,0,0,1,0,0,0,0,0,0,0,0,1
228,0.0,3,20.5,0,0,7.25,1,1,0.5,1,0,0,1,0,0,1,0,0,0,0,0,0,0,0,1
229,0.0,2,18.0,0,0,13.0,1,1,0.5,1,0,0,1,0,0,1,0,0,0,0,0,0,0,0,1
230,0.0,3,8.285893440246582,3,1,25.4667,5,0,0.0,0,0,0,1,0,1,0,0,0,0,0,0,0,0,0,1
231,1.0,1,35.0,1,0,83.475,2,0,0.0,0,0,0,1,0,0,0,1,0,0,0,1,0,0,0,0
232,0.0,3,29.0,0,0,7.775,1,1,0.5,1,0,0,1,0,0,1,0,0,0,0,0,0,0,0,1
233,0.0,2,59.0,0,0,13.5,1,1,0.5,1,0,0,1,0,0,1,0,0,0,0,0,0,0,0,1
234,1.0,3,5.0,4,2,31.3875,7,0,1.0,0,0,0,1,0,1,0,0,0,0,0,0,0,0,0,1
235,0.0,2,24.0,0,0,10.5,1,1,0.5,1,0,0,1,0,0,1,0,0,0,0,0,0,0,0,1
236,0.0,3,28.0058536529541,0,0,7.55,1,1,0.5,0,0,0,1,0,1,0,0,0,0,0,0,0,0,0,1
237,0.0,2,44.0,1,0,26.0,2,0,0.5,1,0,0,1,0,0,1,0,0,0,0,0,0,0,0,1
238,1.0,2,8.0,0,2,26.25,3,0,1.0,0,0,0,1,0,1,0,0,0,0,0,0,0,0,0,1
239,0.0,2,19.0,0,0,10.5,1,1,0.5,1,0,0,1,0,0,1,0,0,0,0,0,0,0,0,1
240,0.0,2,33.0,0,0,12.275,1,1,0.5,1,0,0,1,0,0,1,0,0,0,0,0,0,0,0,1
241,0.0,3,26.351966857910156,1,0,14.4542,2,0,0.0,0,1,0,0,0,1,0,0,0,0,0,0,0,0,0,1
242,1.0,3,25.99787712097168,1,0,15.5,2,0,1.0,0,0,1,0,0,1,0,0,0,0,0,0,0,0,0,1
243,0.0,2,29.0,0,0,10.5,1,1,0.5,1,0,0,1,0,0,1,0,0,0,0,0,0,0,0,1
244,0.0,3,22.0,0,0,7.125,1,1,0.5,1,0,0,1,0,0,1,0,0,0,0,0,0,0,0,1
245,0.0,3,30.0,0,0,7.225,1,1,0.5,1,1,0,0,0,0,1,0,0,0,0,0,0,0,0,1
246,0.0,1,44.0,2,0,90.0,3,0,1.0,1,0,1,0,0,0,0,0,1,0,0,1,0,0,0,0
247,0.0,3,25.0,0,0,7.775,1,1,0.5,0,0,0,1,0,1,0,0,0,0,0,0,0,0,0,1
248,1.0,2,24.0,0,2,14.5,3,0,1.0,0,0,0,1,0,0,0,1,0,0,0,0,0,0,0,1
249,1.0,1,37.0,1,1,52.5542,3,0,1.0,1,0,0,1,0,0,1,0,0,0,0,0,1,0,0,0
250,0.0,2,54.0,1,0,26.0,2,0,0.0,1,0,0,1,0,0,0,0,1,0,0,0,0,0,0,1
251,0.0,3,28.0058536529541,0,0,7.25,1,1,0.5,1,0,0,1,0,0,1,0,0,0,0,0,0,0,0,1
252,0.0,3,29.0,1,1,10.4625,3,0,0.0,0,0,0,1,0,0,0,1,0,0,0,0,0,0,0,1
253,0.0,1,62.0,0,0,26.55,1,1,0.5,1,0,0,1,0,0,1,0,0,0,0,1,0,0,0,0
254,0.0,3,30.0,1,0,16.1,2,0,0.0,1,0,0,1,0,0,1,0,0,0,0,0,0,0,0,1
255,0.0,3,41.0,0,2,20.2125,3,0,0.0,0,0,0,1,0,0,0,1,0,0,0,0,0,0,0,1
256,1.0,3,29.0,0,2,15.2458,3,0,0.5,0,1,0,0,0,0,0,1,0,0,0,0,0,0,0,1
257,1.0,1,40.9089469909668,0,0,79.2,1,1,0.5,0,1,0,0,0,0,0,1,0,0,0,0,0,0,0,1
258,1.0,1,30.0,0,0,86.5,1,1,1.0,0,0,0,1,0,1,0,0,0,0,1,0,0,0,0,0
259,1.0,1,35.0,0,0,512.3292,1,1,1.0,0,1,0,0,0,1,0,0,0,0,0,0,0,0,0,1
260,1.0,2,50.0,0,1,26.0,2,0,1.0,0,0,0,1,0,0,0,1,0,0,0,0,0,0,0,1
261,0.0,3,28.0058536529541,0,0,7.75,1,1,0.5,1,0,1,0,0,0,1,0,0,0,0,0,0,0,0,1
262,1.0,3,3.0,4,2,31.3875,7,0,1.0,1,0,0,1,1,0,0,0,0,0,0,0,0,0,0,1
263,0.0,1,52.0,1,1,79.65,3,0,1.0,1,0,0,1,0,0,1,0,0,0,0,0,0,1,0,0
264,0.0,1,40.0,0,0,0.0,1,1,0.5,1,0,0,1,0,0,1,0,0,0,1,0,0,0,0,0
265,0.0,3,28.0058536529541,0,0,7.75,1,1,0.5,0,0,1,0,0,1,0,0,0,0,0,0,0,0,0,1
266,0.0,2,36.0,0,0,10.5,1,1,0.5,1,0,0,1,0,0,1,0,0,0,0,0,0,0,0,1
267,0.0,3,16.0,4,1,39.6875,6,0,0.0,1,0,0,1,0,0,1,0,0,0,0,0,0,0,0,1
268,1.0,3,25.0,1,0,7.775,2,0,0.5,1,0,0,1,0,0,1,0,0,0,0,0,0,0,0,1
269,1.0,1,58.0,0,1,153.4625,2,0,1.0,0,0,0,1,0,0,0,1,0,0,0,1,0,0,0,0
270,1.0,1,35.0,0,0,135.6333,1,1,1.0,0,0,0,1,0,1,0,0,0,0,0,1,0,0,0,0
271,0.0,1,37.673683166503906,0,0,31.0,1,1,1.0,1,0,0,1,0,0,1,0,0,0,0,0,0,0,0,1
272,1.0,3,25.0,0,0,0.0,1,1,0.0,1,0,0,1,0,0,1,0,0,0,0,0,0,0,0,1
273,1.0,2,41.0,0,1,19.5,2,0,1.0,0,0,0,1,0,0,0,1,0,0,0,0,0,0,0,1
274,0.0,1,37.0,0,1,29.7,2,0,0.5,1,1,0,0,0,0,1,0,0,0,0,1,0,0,0,0
275,1.0,3,28.0058536529541,0,0,7.75,1,1,0.5,0,0,1,0,0,1,0,0,0,0,0,0,0,0,0,1
276,1.0,1,63.0,1,0,77.9583,2,0,1.0,0,0,0,1,0,1,0,0,0,0,0,0,1,0,0,0
277,0.0,3,45.0,0,0,7.75,1,1,0.5,0,0,0,1,0,1,0,0,0,0,0,0,0,0,0,1
278,0.0,2,30.791536331176758,0,0,0.0,1,1,0.0,1,0,0,1,0,0,1,0,0,0,0,0,0,0,0,1
279,0.0,3,7.0,4,1,29.125,6,0,0.0,1,0,1,0,1,0,0,0,0,0,0,0,0,0,0,1
280,1.0,3,35.0,1,1,20.25,3,0,0.0,0,0,0,1,0,0,0,1,0,0,0,0,0,0,0,1
281,0.0,3,65.0,0,0,7.75,1,1,0.5,1,0,1,0,0,0,1,0,0,0,0,0,0,0,0,1
282,0.0,3,28.0,0,0,7.8542,1,1,0.0,1,0,0,1,0,0,1,0,0,0,0,0,0,0,0,1
283,0.0,3,16.0,0,0,9.5,1,1,0.5,1,0,0,1,0,0,1,0,0,0,0,0,0,0,0,1
284,1.0,3,19.0,0,0,8.05,1,1,0.5,1,0,0,1,0,0,1,0,0,0,0,0,0,0,0,1
285,0.0,1,40.9089469909668,0,0,26.0,1,1,0.5,1,0,0,1,0,0,1,0,0,1,0,0,0,0,0,0
286,0.0,3,33.0,0,0,8.6625,1,1,0.5,1,1,0,0,0,0,1,0,0,0,0,0,0,0,0,1
287,1.0,3,30.0,0,0,9.5,1,1,0.5,1,0,0,1,0,0,1,0,0,0,0,0,0,0,0,1
288,0.0,3,22.0,0,0,7.8958,1,1,0.5,1,0,0,1,0,0,1,0,0,0,0,0,0,0,0,1
289,1.0,2,42.0,0,0,13.0,1,1,0.5,1,0,0,1,0,0,1,0,0,0,0,0,0,0,0,1
290,1.0,3,22.0,0,0,7.75,1,1,0.5,0,0,1,0,0,1,0,0,0,0,0,0,0,0,0,1
291,1.0,1,26.0,0,0,78.85,1,1,0.0,0,0,0,1,0,1,0,0,0,0,0,0,0,0,0,1
292,1.0,1,19.0,1,0,91.0792,2,0,1.0,0,1,0,0,0,0,0,1,0,0,1,0,0,0,0,0
293,0.0,2,36.0,0,0,12.875,1,1,0.5,1,1,0,0,0,0,1,0,0,0,0,0,1,0,0,0
294,0.0,3,24.0,0,0,8.85,1,1,0.5,0,0,0,1,0,1,0,0,0,0,0,0,0,0,0,1
295,0.0,3,24.0,0,0,7.8958,1,1,0.5,1,0,0,1,0,0,1,0,0,0,0,0,0,0,0,1
296,0.0,1,40.9089469909668,0,0,27.7208,1,1,0.5,1,1,0,0,0,0,1,0,0,0,0,0,0,0,0,1
297,0.0,3,23.5,0,0,7.2292,1,1,0.5,1,1,0,0,0,0,1,0,0,0,0,0,0,0,0,1
298,0.0,1,2.0,1,2,151.55,4,0,1.0,0,0,0,1,0,1,0,0,0,0,0,1,0,0,0,0
299,1.0,1,40.9089469909668,0,0,30.5,1,1,0.5,1,0,0,1,0,0,1,0,0,0,0,1,0,0,0,0
300,1.0,1,50.0,0,1,247.5208,2,0,0.0,0,1,0,0,0,0,0,1,0,0,1,0,0,0,0,0
301,1.0,3,23.591169357299805,0,0,7.75,1,1,1.0,0,0,1,0,0,1,0,0,0,0,0,0,0,0,0,1
302,1.0,3,22.688589096069336,2,0,23.25,3,0,1.0,1,0,1,0,0,0,1,0,0,0,0,0,0,0,0,1
303,0.0,3,19.0,0,0,0.0,1,1,1.0,1,0,0,1,0,0,1,0,0,0,0,0,0,0,0,1
304,1.0,2,32.56178283691406,0,0,12.35,1,1,0.5,0,0,1,0,0,1,0,0,0,0,0,0,0,1,0,0
305,0.0,3,28.0058536529541,0,0,8.05,1,1,0.5,1,0,0,1,0,0,1,0,0,0,0,0,0,0,0,1
306,1.0,1,0.92,1,2,151.55,4,0,1.0,1,0,0,1,1,0,0,0,0,0,0,1,0,0,0,0
307,1.0,1,37.673683166503906,0,0,110.8833,1,1,1.0,0,1,0,0,0,1,0,0,0,0,0,0,0,0,0,1
308,1.0,1,17.0,1,0,108.9,2,0,0.0,0,1,0,0,0,0,0,1,0,0,0,1,0,0,0,0
309,0.0,2,30.0,1,0,24.0,2,0,1.0,1,1,0,0,0,0,1,0,0,0,0,0,0,0,0,1
310,1.0,1,30.0,0,0,56.9292,1,1,1.0,0,1,0,0,0,1,0,0,0,0,0,0,0,1,0,0
311,1.0,1,24.0,0,0,83.1583,1,1,1.0,0,1,0,0,0,1,0,0,0,0,0,1,0,0,0,0
312,1.0,1,18.0,2,2,262.375,5,0,1.0,0,1,0,0,0,1,0,0,0,0,1,0,0,0,0,0
313,0.0,2,26.0,1,1,26.0,3,0,0.5,0,0,0,1,0,0,0,1,0,0,0,0,0,0,0,1
314,0.0,3,28.0,0,0,7.8958,1,1,0.5,1,0,0,1,0,0,1,0,0,0,0,0,0,0,0,1
315,0.0,2,43.0,1,1,26.25,3,0,1.0,1,0,0,1,0,0,1,0,0,0,0,0,0,0,0,1
316,1.0,3,26.0,0,0,7.8542,1,1,0.5,0,0,0,1,0,1,0,0,0,0,0,0,0,0,0,1
317,1.0,2,24.0,1,0,26.0,2,0,0.0,0,0,0,1,0,0,0,1,0,0,0,0,0,0,0,1
318,0.0,2,54.0,0,0,14.0,1,1,0.5,1,0,0,1,0,0,0,0,1,0,0,0,0,0,0,1
319,1.0,1,31.0,0,2,164.8667,3,0,1.0,0,0,0,1,0,1,0,0,0,0,0,1,0,0,0,0
320,1.0,1,40.0,1,1,134.5,3,0,1.0,0,1,0,0,0,0,0,1,0,0,0,0,0,1,0,0
321,0.0,3,22.0,0,0,7.25,1,1,0.5,1,0,0,1,0,0,1,0,0,0,0,0,0,0,0,1
322,0.0,3,27.0,0,0,7.8958,1,1,0.5,1,0,0,1,0,0,1,0,0,0,0,0,0,0,0,1
323,1.0,2,30.0,0,0,12.35,1,1,0.5,0,0,1,0,0,1,0,0,0,0,0,0,0,0,0,1
324,1.0,2,22.0,1,1,29.0,3,0,1.0,0,0,0,1,0,0,0,1,0,0,0,0,0,0,0,1
325,0.0,3,9.835808753967285,8,2,69.55,11,0,0.0,1,0,0,1,0,0,1,0,0,0,0,0,0,0,0,1
326,1.0,1,36.0,0,0,135.6333,1,1,1.0,0,1,0,0,0,1,0,0,0,0,0,1,0,0,0,0
327,0.0,3,61.0,0,0,6.2375,1,1,0.5,1,0,0,1,0,0,1,0,0,0,0,0,0,0,0,1
328,1.0,2,36.0,0,0,13.0,1,1,0.5,0,0,0,1,0,0,0,1,0,0,0,0,1,0,0,0
329,1.0,3,31.0,1,1,20.525,3,0,1.0,0,0,0,1,0,0,0,1,0,0,0,0,0,0,0,1
330,1.0,1,16.0,0,1,57.9792,2,0,1.0,0,1,0,0,0,1,0,0,0,0,1,0,0,0,0,0
331,1.0,3,22.688589096069336,2,0,23.25,3,0,1.0,0,0,1,0,0,1,0,0,0,0,0,0,0,0,0,1
332,0.0,1,45.5,0,0,28.5,1,1,0.5,1,0,0,1,0,0,1,0,0,0,0,1,0,0,0,0
333,0.0,1,38.0,0,1,153.4625,2,0,1.0,1,0,0,1,0,0,1,0,0,0,0,1,0,0,0,0
334,0.0,3,16.0,2,0,18.0,3,0,0.0,1,0,0,1,0,0,1,0,0,0,0,0,0,0,0,1
335,1.0,1,40.080406188964844,1,0,133.65,2,0,1.0,0,0,0,1,0,0,0,1,0,0,0,0,0,0,0,1
336,0.0,3,28.0058536529541,0,0,7.8958,1,1,0.5,1,0,0,1,0,0,1,0,0,0,0,0,0,0,0,1
337,0.0,1,29.0,1,0,66.6,2,0,1.0,1,0,0,1,0,0,1,0,0,0,0,1,0,0,0,0
338,1.0,1,41.0,0,0,134.5,1,1,1.0,0,1,0,0,0,1,0,0,0,0,0,0,0,1,0,0
339,1.0,3,45.0,0,0,8.05,1,1,0.5,1,0,0,1,0,0,1,0,0,0,0,0,0,0,0,1
340,0.0,1,45.0,0,0,35.5,1,1,0.5,1,0,0,1,0,0,1,0,0,0,0,0,0,0,0,1
341,1.0,2,2.0,1,1,26.0,3,0,1.0,1,0,0,1,1,0,0,0,0,0,0,0,0,0,1,0
342,1.0,1,24.0,3,2,263.0,6,0,1.0,0,0,0,1,0,1,0,0,0,0,0,1,0,0,0,0
343,0.0,2,28.0,0,0,13.0,1,1,0.5,1,0,0,1,0,0,1,0,0,0,0,0,0,0,0,1
344,0.0,2,25.0,0,0,13.0,1,1,0.5,1,0,0,1,0,0,1,0,0,0,0,0,0,0,0,1
345,0.0,2,36.0,0,0,13.0,1,1,0.5,1,0,0,1,0,0,1,0,0,0,0,0,0,0,0,1
346,1.0,2,24.0,0,0,13.0,1,1,0.5,0,0,0,1,0,1,0,0,0,0,0,0,0,0,1,0
347,1.0,2,40.0,0,0,13.0,1,1,0.5,0,0,0,1,0,1,0,0,0,0,0,0,0,0,0,1
348,1.0,3,27.537206649780273,1,0,16.1,2,0,0.5,0,0,0,1,0,0,0,1,0,0,0,0,0,0,0,1
349,1.0,3,3.0,1,1,15.9,3,0,1.0,1,0,0,1,1,0,0,0,0,0,0,0,0,0,0,1
350,0.0,3,42.0,0,0,8.6625,1,1,0.5,1,0,0,1,0,0,1,0,0,0,0,0,0,0,0,1
351,0.0,3,23.0,0,0,9.225,1,1,0.5,1,0,0,1,0,0,1,0,0,0,0,0,0,0,0,1
352,0.0,1,40.9089469909668,0,0,35.0,1,1,0.5,1,0,0,1,0,0,1,0,0,0,0,1,0,0,0,0
353,0.0,3,15.0,1,1,7.2292,3,0,0.0,1,1,0,0,0,0,1,0,0,0,0,0,0,0,0,1
354,0.0,3,25.0,1,0,17.8,2,0,0.0,1,0,0,1,0,0,1,0,0,0,0,0,0,0,0,1
355,0.0,3,28.0058536529541,0,0,7.225,1,1,0.5,1,1,0,0,0,0,1,0,0,0,0,0,0,0,0,1
356,0.0,3,28.0,0,0,9.5,1,1,0.5,1,0,0,1,0,0,1,0,0,0,0,0,0,0,0,1
357,1.0,1,22.0,0,1,55.0,2,0,1.0,0,0,0,1,0,1,0,0,0,0,0,0,0,1,0,0
358,0.0,2,38.0,0,0,13.0,1,1,0.5,0,0,0,1,0,1,0,0,0,0,0,0,0,0,0,1
359,1.0,3,28.0058536529541,0,0,7.8792,1,1,0.5,0,0,1,0,0,1,0,0,0,0,0,0,0,0,0,1
360,1.0,3,28.0058536529541,0,0,7.8792,1,1,0.5,0,0,1,0,0,1,0,0,0,0,0,0,0,0,0,1
361,0.0,3,40.0,1,4,27.9,6,0,0.0,1,0,0,1,0,0,1,0,0,0,0,0,0,0,0,1
362,0.0,2,29.0,1,0,27.7208,2,0,0.5,1,1,0,0,0,0,1,0,0,0,0,0,0,0,0,1
363,0.0,3,45.0,0,1,14.4542,2,0,0.0,0,1,0,0,0,0,0,1,0,0,0,0,0,0,0,1
364,0.0,3,35.0,0,0,7.05,1,1,0.5,1,0,0,1,0,0,1,0,0,0,0,0,0,0,0,1
365,0.0,3,25.99787712097168,1,0,15.5,2,0,1.0,1,0,1,0,0,0,1,0,0,0,0,0,0,0,0,1
366,0.0,3,30.0,0,0,7.25,1,1,0.5,1,0,0,1,0,0,1,0,0,0,0,0,0,0,0,1
367,1.0,1,60.0,1,0,75.25,2,0,0.5,0,1,0,0,0,0,0,1,0,0,0,0,1,0,0,0
368,1.0,3,28.0058536529541,0,0,7.2292,1,1,0.5,0,1,0,0,0,0,0,1,0,0,0,0,0,0,0,1
369,1.0,3,28.0058536529541,0,0,7.75,1,1,0.5,0,0,1,0,0,1,0,0,0,0,0,0,0,0,0,1
370,1.0,1,24.0,0,0,69.3,1,1,1.0,0,1,0,0,0,0,0,0,1,0,1,0,0,0,0,0
371,1.0,1,25.0,1,0,55.4417,2,0,0.5,1,1,0,0,0,0,1,0,0,0,0,0,0,1,0,0
372,0.0,3,18.0,1,0,6.4958,2,0,0.5,1,0,0,1,0,0,1,0,0,0,0,0,0,0,0,1
373,0.0,3,19.0,0,0,8.05,1,1,0.5,1,0,0,1,0,0,1,0,0,0,0,0,0,0,0,1
374,0.0,1,22.0,0,0,135.6333,1,1,1.0,1,1,0,0,0,0,1,0,0,0,0,0,0,0,0,1
375,0.0,3,3.0,3,1,21.075,5,0,0.0,0,0,0,1,0,1,0,0,0,0,0,0,0,0,0,1
376,1.0,1,38.670074462890625,1,0,82.1708,2,0,0.0,0,1,0,0,0,0,0,1,0,0,0,0,0,0,0,1
377,1.0,3,22.0,0,0,7.25,1,1,0.5,0,0,0,1,0,1,0,0,0,0,0,0,0,0,0,1
378,0.0,1,27.0,0,2,211.5,3,0,0.5,1,1,0,0,0,0,1,0,0,0,0,1,0,0,0,0
379,0.0,3,20.0,0,0,4.0125,1,1,0.5,1,1,0,0,0,0,1,0,0,0,0,0,0,0,0,1
380,0.0,3,19.0,0,0,7.775,1,1,0.5,1,0,0,1,0,0,1,0,0,0,0,0,0,0,0,1
381,1.0,1,42.0,0,0,227.525,1,1,1.0,0,1,0,0,0,1,0,0,0,0,0,0,0,0,0,1
382,1.0,3,1.0,0,2,15.7417,3,0,1.0,0,1,0,0,0,1,0,0,0,0,0,0,0,0,0,1
383,0.0,3,32.0,0,0,7.925,1,1,0.5,1,0,0,1,0,0,1,0,0,0,0,0,0,0,0,1
384,1.0,1,35.0,1,0,52.0,2,0,0.0,0,0,0,1,0,0,0,1,0,0,0,0,0,0,0,1
385,0.0,3,28.0058536529541,0,0,7.8958,1,1,0.5,1,0,0,1,0,0,1,0,0,0,0,0,0,0,0,1
386,0.0,2,18.0,0,0,73.5,1,1,0.0,1,0,0,1,0,0,1,0,0,0,0,0,0,0,0,1
387,0.0,3,1.0,5,2,46.9,8,0,0.0,1,0,0,1,1,0,0,0,0,0,0,0,0,0,0,1
388,1.0,2,36.0,0,0,13.0,1,1,0.5,0,0,0,1,0,1,0,0,0,0,0,0,0,0,0,1
389,0.0,3,28.0058536529541,0,0,7.7292,1,1,0.5,1,0,1,0,0,0,1,0,0,0,0,0,0,0,0,1
390,1.0,2,17.0,0,0,12.0,1,1,0.5,0,1,0,0,0,1,0,0,0,0,0,0,0,0,0,1
391,1.0,1,36.0,1,2,120.0,4,0,1.0,1,0,0,1,0,0,1,0,0,0,1,0,0,0,0,0
392,1.0,3,21.0,0,0,7.7958,1,1,0.5,1,0,0,1,0,0,1,0,0,0,0,0,0,0,0,1
393,0.0,3,28.0,2,0,7.925,3,0,0.0,1,0,0,1,0,0,1,0,0,0,0,0,0,0,0,1
394,1.0,1,23.0,1,0,113.275,2,0,1.0,0,1,0,0,0,1,0,0,0,0,0,0,1,0,0,0
395,1.0,3,24.0,0,2,16.7,3,0,1.0,0,0,0,1,0,0,0,1,0,0,0,0,0,0,0,1
396,0.0,3,22.0,0,0,7.7958,1,1,0.5,1,0,0,1,0,0,1,0,0,0,0,0,0,0,0,1
397,0.0,3,31.0,0,0,7.8542,1,1,0.0,0,0,0,1,0,1,0,0,0,0,0,0,0,0,0,1
398,0.0,2,46.0,0,0,26.0,1,1,0.0,1,0,0,1,0,0,1,0,0,0,0,0,0,0,0,1
399,0.0,2,23.0,0,0,10.5,1,1,0.5,1,0,0,1,0,0,0,0,1,0,0,0,0,0,0,1
400,1.0,2,28.0,0,0,12.65,1,1,0.5,0,0,0,1,0,0,0,1,0,0,0,0,0,0,0,1
401,1.0,3,39.0,0,0,7.925,1,1,0.5,1,0,0,1,0,0,1,0,0,0,0,0,0,0,0,1
402,0.0,3,26.0,0,0,8.05,1,1,0.5,1,0,0,1,0,0,1,0,0,0,0,0,0,0,0,1
403,0.0,3,21.0,1,0,9.825,2,0,0.0,0,0,0,1,0,1,0,0,0,0,0,0,0,0,0,1
404,0.0,3,28.0,1,0,15.85,2,0,1.0,1,0,0,1,0,0,1,0,0,0,0,0,0,0,0,1
405,0.0,3,20.0,0,0,8.6625,1,1,0.0,0,0,0,1,0,1,0,0,0,0,0,0,0,0,0,1
406,0.0,2,34.0,1,0,21.0,2,0,0.5,1,0,0,1,0,0,1,0,0,0,0,0,0,0,0,1
407,0.0,3,51.0,0,0,7.75,1,1,0.5,1,0,0,1,0,0,1,0,0,0,0,0,0,0,0,1
408,1.0,2,3.0,1,1,18.75,3,0,1.0,1,0,0,1,1,0,0,0,0,0,0,0,0,0,0,1
409,0.0,3,21.0,0,0,7.775,1,1,0.5,1,0,0,1,0,0,1,0,0,0,0,0,0,0,0,1
410,0.0,3,8.285893440246582,3,1,25.4667,5,0,0.0,0,0,0,1,0,1,0,0,0,0,0,0,0,0,0,1
411,0.0,3,28.0058536529541,0,0,7.8958,1,1,0.5,1,0,0,1,0,0,1,0,0,0,0,0,0,0,0,1
412,0.0,3,28.0058536529541,0,0,6.8583,1,1,0.5,1,0,1,0,0,0,1,0,0,0,0,0,0,0,0,1
413,1.0,1,33.0,1,0,90.0,2,0,0.0,0,0,1,0,0,1,0,0,0,0,0,1,0,0,0,0
414,0.0,2,30.791536331176758,0,0,0.0,1,1,0.0,1,0,0,1,0,0,1,0,0,0,0,0,0,0,0,1
415,1.0,3,44.0,0,0,7.925,1,1,0.5,1,0,0,1,0,0,1,0,0,0,0,0,0,0,0,1
416,0.0,3,28.0058536529541,0,0,8.05,1,1,0.5,0,0,0,1,0,0,0,1,0,0,0,0,0,0,0,1
417,1.0,2,34.0,1,1,32.5,3,0,0.5,0,0,0,1,0,0,0,1,0,0,0,0,0,0,0,1
418,1.0,2,18.0,0,2,13.0,3,0,0.5,0,0,0,1,0,1,0,0,0,0,0,0,0,0,0,1
419,0.0,2,30.0,0,0,13.0,1,1,0.5,1,0,0,1,0,0,1,0,0,0,0,0,0,0,0,1
420,0.0,3,10.0,0,2,24.15,3,0,0.0,0,0,0,1,0,1,0,0,0,0,0,0,0,0,0,1
421,0.0,3,28.0058536529541,0,0,7.8958,1,1,0.5,1,1,0,0,0,0,1,0,0,0,0,0,0,0,0,1
422,0.0,3,21.0,0,0,7.7333,1,1,0.5,1,0,1,0,0,0,1,0,0,0,0,0,0,0,0,1
423,0.0,3,29.0,0,0,7.875,1,1,0.5,1,0,0,1,0,0,1,0,0,0,0,0,0,0,0,1
424,0.0,3,28.0,1,1,14.4,3,0,0.0,0,0,0,1,0,0,0,1,0,0,0,0,0,0,0,1
425,0.0,3,18.0,1,1,20.2125,3,0,0.0,1,0,0,1,0,0,1,0,0,0,0,0,0,0,0,1
426,0.0,3,28.0058536529541,0,0,7.25,1,1,0.5,1,0,0,1,0,0,1,0,0,0,0,0,0,0,0,1
427,1.0,2,28.0,1,0,26.0,2,0,0.5,0,0,0,1,0,0,0,1,0,0,0,0,0,0,0,1
428,1.0,2,19.0,0,0,26.0,1,1,0.0,0,0,0,1,0,1,0,0,0,0,0,0,0,0,0,1
429,0.0,3,28.0058536529541,0,0,7.75,1,1,0.5,1,0,1,0,0,0,1,0,0,0,0,0,0,0,0,1
430,1.0,3,32.0,0,0,8.05,1,1,0.5,1,0,0,1,0,0,1,0,0,0,0,0,0,1,0,0
431,1.0,1,28.0,0,0,26.55,1,1,0.5,1,0,0,1,0,0,1,0,0,0,0,1,0,0,0,0
432,1.0,3,26.351966857910156,1,0,16.1,2,0,0.0,0,0,0,1,0,0,0,1,0,0,0,0,0,0,0,1
433,1.0,2,42.0,1,0,26.0,2,0,0.5,0,0,0,1,0,0,0,1,0,0,0,0,0,0,0,1
434,0.0,3,17.0,0,0,7.125,1,1,0.5,1,0,0,1,0,0,1,0,0,0,0,0,0,0,0,1
435,0.0,1,50.0,1,0,55.9,2,0,1.0,1,0,0,1,0,0,1,0,0,0,0,0,0,1,0,0
436,1.0,1,14.0,1,2,120.0,4,0,1.0,0,0,0,1,0,1,0,0,0,0,1,0,0,0,0,0
437,0.0,3,21.0,2,2,34.375,5,0,0.0,0,0,0,1,0,1,0,0,0,0,0,0,0,0,0,1
438,1.0,2,24.0,2,3,18.75,6,0,1.0,0,0,0,1,0,0,0,1,0,0,0,0,0,0,0,1
439,0.0,1,64.0,1,4,263.0,6,0,1.0,1,0,0,1,0,0,1,0,0,0,0,1,0,0,0,0
440,0.0,2,31.0,0,0,10.5,1,1,0.5,1,0,0,1,0,0,1,0,0,0,0,0,0,0,0,1
441,1.0,2,45.0,1,1,26.25,3,0,1.0,0,0,0,1,0,0,0,1,0,0,0,0,0,0,0,1
442,0.0,3,20.0,0,0,9.5,1,1,0.5,1,0,0,1,0,0,1,0,0,0,0,0,0,0,0,1
443,0.0,3,25.0,1,0,7.775,2,0,0.5,1,0,0,1,0,0,1,0,0,0,0,0,0,0,0,1
444,1.0,2,28.0,0,0,13.0,1,1,0.5,0,0,0,1,0,0,0,0,1,0,0,0,0,0,0,1
445,1.0,3,28.0058536529541,0,0,8.1125,1,1,0.5,1,0,0,1,0,0,1,0,0,0,0,0,0,0,0,1
446,1.0,1,4.0,0,2,81.8583,3,0,0.5,1,0,0,1,1,0,0,0,0,1,0,0,0,0,0,0
447,1.0,2,13.0,0,1,19.5,2,0,1.0,0,0,0,1,0,1,0,0,0,0,0,0,0,0,0,1
448,1.0,1,34.0,0,0,26.55,1,1,0.5,1,0,0,1,0,0,1,0,0,0,0,0,0,0,0,1
449,1.0,3,5.0,2,1,19.2583,4,0,1.0,0,1,0,0,0,1,0,0,0,0,0,0,0,0,0,1
450,1.0,1,52.0,0,0,30.5,1,1,0.5,1,0,0,1,0,0,0,0,1,0,0,1,0,0,0,0
451,0.0,2,36.0,1,2,27.75,4,0,1.0,1,0,0,1,0,0,1,0,0,0,0,0,0,0,0,1
452,0.0,3,26.351966857910156,1,0,19.9667,2,0,0.0,1,0,0,1,0,0,1,0,0,0,0,0,0,0,0,1
453,0.0,1,30.0,0,0,27.75,1,1,0.5,1,1,0,0,0,0,1,0,0,0,0,1,0,0,0,0
454,1.0,1,49.0,1,0,89.1042,2,0,1.0,1,1,0,0,0,0,1,0,0,0,0,1,0,0,0,0
455,0.0,3,28.0058536529541,0,0,8.05,1,1,0.5,1,0,0,1,0,0,1,0,0,0,0,0,0,0,0,1
456,1.0,3,29.0,0,0,7.8958,1,1,0.5,1,1,0,0,0,0,1,0,0,0,0,0,0,0,0,1
457,0.0,1,65.0,0,0,26.55,1,1,0.5,1,0,0,1,0,0,1,0,0,0,0,0,0,1,0,0
458,1.0,1,40.4403076171875,1,0,51.8625,2,0,0.5,0,0,0,1,0,0,0,1,0,0,0,0,1,0,0,0
459,1.0,2,50.0,0,0,10.5,1,1,0.5,0,0,0,1,0,1,0,0,0,0,0,0,0,0,0,1
460,0.0,3,28.0058536529541,0,0,7.75,1,1,0.5,1,0,1,0,0,0,1,0,0,0,0,0,0,0,0,1
461,1.0,1,48.0,0,0,26.55,1,1,0.5,1,0,0,1,0,0,1,0,0,0,0,0,0,1,0,0
462,0.0,3,34.0,0,0,8.05,1,1,0.5,1,0,0,1,0,0,1,0,0,0,0,0,0,0,0,1
463,0.0,1,47.0,0,0,38.5,1,1,0.5,1,0,0,1,0,0,1,0,0,0,0,0,0,1,0,0
464,0.0,2,48.0,0,0,13.0,1,1,0.5,1,0,0,1,0,0,1,0,0,0,0,0,0,0,0,1
465,0.0,3,28.0058536529541,0,0,8.05,1,1,0.5,1,0,0,1,0,0,1,0,0,0,0,0,0,0,0,1
466,0.0,3,38.0,0,0,7.05,1,1,0.5,1,0,0,1,0,0,1,0,0,0,0,0,0,0,0,1
467,0.0,2,30.791536331176758,0,0,0.0,1,1,0.0,1,0,0,1,0,0,1,0,0,0,0,0,0,0,0,1
468,0.0,1,56.0,0,0,26.55,1,1,0.5,1,0,0,1,0,0,1,0,0,0,0,0,0,0,0,1
469,0.0,3,28.0058536529541,0,0,7.725,1,1,0.5,1,0,1,0,0,0,1,0,0,0,0,0,0,0,0,1
470,1.0,3,0.75,2,1,19.2583,4,0,1.0,0,1,0,0,0,1,0,0,0,0,0,0,0,0,0,1
471,0.0,3,28.0058536529541,0,0,7.25,1,1,0.5,1,0,0,1,0,0,1,0,0,0,0,0,0,0,0,1
472,0.0,3,38.0,0,0,8.6625,1,1,0.0,1,0,0,1,0,0,1,0,0,0,0,0,0,0,0,1
473,1.0,2,33.0,1,2,27.75,4,0,1.0,0,0,0,1,0,0,0,1,0,0,0,0,0,0,0,1
474,1.0,2,23.0,0,0,13.7917,1,1,0.5,0,1,0,0,0,0,0,1,0,0,0,0,1,0,0,0
475,0.0,3,22.0,0,0,9.8375,1,1,0.5,0,0,0,1,0,1,0,0,0,0,0,0,0,0,0,1
476,0.0,1,39.13871383666992,0,0,52.0,1,1,0.0,1,0,0,1,0,0,1,0,0,1,0,0,0,0,0,0
477,0.0,2,34.0,1,0,21.0,2,0,1.0,1,0,0,1,0,0,1,0,0,0,0,0,0,0,0,1
478,0.0,3,29.0,1,0,7.0458,2,0,0.5,1,0,0,1,0,0,1,0,0,0,0,0,0,0,0,1
479,0.0,3,22.0,0,0,7.5208,1,1,0.5,1,0,0,1,0,0,1,0,0,0,0,0,0,0,0,1
480,1.0,3,2.0,0,1,12.2875,2,0,0.5,0,0,0,1,0,1,0,0,0,0,0,0,0,0,0,1
481,0.0,3,9.0,5,2,46.9,8,0,0.0,1,0,0,1,1,0,0,0,0,0,0,0,0,0,0,1
482,0.0,2,32.56178283691406,0,0,0.0,1,1,0.5,1,0,0,1,0,0,1,0,0,0,0,0,0,0,0,1
483,0.0,3,50.0,0,0,8.05,1,1,0.5,1,0,0,1,0,0,1,0,0,0,0,0,0,0,0,1
484,1.0,3,63.0,0,0,9.5875,1,1,0.5,0,0,0,1,0,0,0,1,0,0,0,0,0,0,0,1
485,1.0,1,25.0,1,0,91.0792,2,0,1.0,1,1,0,0,0,0,1,0,0,0,1,0,0,0,0,0
486,0.0,3,8.285893440246582,3,1,25.4667,5,0,0.0,0,0,0,1,0,1,0,0,0,0,0,0,0,0,0,1
487,1.0,1,35.0,1,0,90.0,2,0,1.0,0,0,0,1,0,0,0,1,0,0,0,1,0,0,0,0
488,0.0,1,58.0,0,0,29.7,1,1,0.5,1,1,0,0,0,0,1,0,0,0,1,0,0,0,0,0
489,0.0,3,30.0,0,0,8.05,1,1,0.5,1,0,0,1,0,0,1,0,0,0,0,0,0,0,0,1
490,1.0,3,9.0,1,1,15.9,3,0,1.0,1,0,0,1,1,0,0,0,0,0,0,0,0,0,0,1
491,0.0,3,26.351966857910156,1,0,19.9667,2,0,0.0,1,0,0,1,0,0,1,0,0,0,0,0,0,0,0,1
492,0.0,3,21.0,0,0,7.25,1,1,0.5,1,0,0,1,0,0,1,0,0,0,0,0,0,0,0,1
493,0.0,1,55.0,0,0,30.5,1,1,0.5,1,0,0,1,0,0,1,0,0,0,0,1,0,0,0,0
494,0.0,1,71.0,0,0,49.5042,1,1,0.5,1,1,0,0,0,0,1,0,0,0,0,0,0,0,0,1
495,0.0,3,21.0,0,0,8.05,1,1,0.5,1,0,0,1,0,0,1,0,0,0,0,0,0,0,0,1
496,0.0,3,26.820613861083984,0,0,14.4583,1,1,0.0,1,1,0,0,0,0,1,0,0,0,0,0,0,0,0,1
497,1.0,1,54.0,1,0,78.2667,2,0,1.0,0,1,0,0,0,1,0,0,0,0,0,0,1,0,0,0
498,0.0,3,28.0058536529541,0,0,15.1,1,1,0.5,1,0,0,1,0,0,1,0,0,0,0,0,0,0,0,1
499,0.0,1,25.0,1,2,151.55,4,0,1.0,0,0,0,1,0,0,0,1,0,0,0,1,0,0,0,0
500,0.0,3,24.0,0,0,7.7958,1,1,0.5,1,0,0,1,0,0,1,0,0,0,0,0,0,0,0,1
501,0.0,3,17.0,0,0,8.6625,1,1,0.0,1,0,0,1,0,0,1,0,0,0,0,0,0,0,0,1
502,0.0,3,21.0,0,0,7.75,1,1,0.5,0,0,1,0,0,1,0,0,0,0,0,0,0,0,0,1
503,0.0,3,28.0058536529541,0,0,7.6292,1,1,0.5,0,0,1,0,0,1,0,0,0,0,0,0,0,0,0,1
504,0.0,3,37.0,0,0,9.5875,1,1,0.5,0,0,0,1,0,1,0,0,0,0,0,0,0,0,0,1
505,1.0,1,16.0,0,0,86.5,1,1,1.0,0,0,0,1,0,1,0,0,0,0,1,0,0,0,0,0
506,0.0,1,18.0,1,0,108.9,2,0,1.0,1,1,0,0,0,0,1,0,0,0,0,1,0,0,0,0
507,1.0,2,33.0,0,2,26.0,3,0,1.0,0,0,0,1,0,0,0,1,0,0,0,0,0,0,0,1
508,1.0,1,40.9089469909668,0,0,26.55,1,1,0.5,1,0,0,1,0,0,1,0,0,0,0,0,0,0,0,1
509,0.0,3,28.0,0,0,22.525,1,1,0.5,1,0,0,1,0,0,1,0,0,0,0,0,0,0,0,1
510,1.0,3,26.0,0,0,56.4958,1,1,1.0,1,0,0,1,0,0,1,0,0,0,0,0,0,0,0,1
511,1.0,3,29.0,0,0,7.75,1,1,0.5,1,0,1,0,0,0,1,0,0,0,0,0,0,0,0,1
512,0.0,3,28.0058536529541,0,0,8.05,1,1,0.5,1,0,0,1,0,0,1,0,0,0,0,0,0,0,0,1
513,1.0,1,36.0,0,0,26.2875,1,1,0.5,1,0,0,1,0,0,1,0,0,0,0,0,0,1,0,0
514,1.0,1,54.0,1,0,59.4,2,0,0.5,0,1,0,0,0,0,0,1,0,0,0,0,0,0,0,1
515,0.0,3,24.0,0,0,7.4958,1,1,0.0,1,0,0,1,0,0,1,0,0,0,0,0,0,0,0,1
516,0.0,1,47.0,0,0,34.0208,1,1,0.5,1,0,0,1,0,0,1,0,0,0,0,0,1,0,0,0
517,1.0,2,34.0,0,0,10.5,1,1,0.5,0,0,0,1,0,0,0,1,0,0,0,0,0,0,1,0
518,0.0,3,23.591169357299805,0,0,24.15,1,1,1.0,1,0,1,0,0,0,1,0,0,0,0,0,0,0,0,1
519,1.0,2,36.0,1,0,26.0,2,0,0.5,0,0,0,1,0,0,0,1,0,0,0,0,0,0,0,1
520,0.0,3,32.0,0,0,7.8958,1,1,0.5,1,0,0,1,0,0,1,0,0,0,0,0,0,0,0,1
521,1.0,1,30.0,0,0,93.5,1,1,1.0,0,0,0,1,0,1,0,0,0,0,1,0,0,0,0,0
522,0.0,3,22.0,0,0,7.8958,1,1,0.5,1,0,0,1,0,0,1,0,0,0,0,0,0,0,0,1
523,0.0,3,28.0058536529541,0,0,7.225,1,1,0.5,1,1,0,0,0,0,1,0,0,0,0,0,0,0,0,1
524,1.0,1,44.0,0,1,57.9792,2,0,1.0,0,1,0,0,0,0,0,1,0,0,1,0,0,0,0,0
525,0.0,3,28.0058536529541,0,0,7.2292,1,1,0.5,1,1,0,0,0,0,1,0,0,0,0,0,0,0,0,1
526,0.0,3,40.5,0,0,7.75,1,1,0.5,1,0,1,0,0,0,1,0,0,0,0,0,0,0,0,1
527,1.0,2,50.0,0,0,10.5,1,1,0.5,0,0,0,1,0,1,0,0,0,0,0,0,0,0,0,1
528,0.0,1,40.9089469909668,0,0,221.7792,1,1,0.5,1,0,0,1,0,0,1,0,0,0,0,1,0,0,0,0
529,0.0,3,39.0,0,0,7.925,1,1,0.5,1,0,0,1,0,0,1,0,0,0,0,0,0,0,0,1
530,0.0,2,23.0,2,1,11.5,4,0,0.5,1,0,0,1,0,0,1,0,0,0,0,0,0,0,0,1
531,1.0,2,2.0,1,1,26.0,3,0,1.0,0,0,0,1,0,1,0,0,0,0,0,0,0,0,0,1
532,0.0,3,28.0058536529541,0,0,7.2292,1,1,0.5,1,1,0,0,0,0,1,0,0,0,0,0,0,0,0,1
533,0.0,3,17.0,1,1,7.2292,3,0,0.0,1,1,0,0,0,0,1,0,0,0,0,0,0,0,0,1
534,1.0,3,19.598634719848633,0,2,22.3583,3,0,1.0,0,1,0,0,0,0,0,1,0,0,0,0,0,0,0,1
535,0.0,3,30.0,0,0,8.6625,1,1,0.0,0,0,0,1,0,1,0,0,0,0,0,0,0,0,0,1
536,1.0,2,7.0,0,2,26.25,3,0,1.0,0,0,0,1,0,1,0,0,0,0,0,0,0,0,0,1
537,0.0,1,45.0,0,0,26.55,1,1,0.5,1,0,0,1,0,0,0,0,1,0,1,0,0,0,0,0
538,1.0,1,30.0,0,0,106.425,1,1,0.0,0,1,0,0,0,1,0,0,0,0,0,0,0,0,0,1
539,0.0,3,28.0058536529541,0,0,14.5,1,1,0.5,1,0,0,1,0,0,1,0,0,0,0,0,0,0,0,1
540,1.0,1,22.0,0,2,49.5,3,0,0.5,0,1,0,0,0,1,0,0,0,0,1,0,0,0,0,0
541,1.0,1,36.0,0,2,71.0,3,0,0.0,0,0,0,1,0,1,0,0,0,0,1,0,0,0,0,0
542,0.0,3,9.0,4,2,31.275,7,0,0.0,0,0,0,1,0,1,0,0,0,0,0,0,0,0,0,1
543,0.0,3,11.0,4,2,31.275,7,0,0.0,0,0,0,1,0,1,0,0,0,0,0,0,0,0,0,1
544,1.0,2,32.0,1,0,26.0,2,0,1.0,1,0,0,1,0,0,1,0,0,0,0,0,0,0,0,1
545,0.0,1,50.0,1,0,106.425,2,0,1.0,1,1,0,0,0,0,1,0,0,0,0,1,0,0,0,0
546,0.0,1,64.0,0,0,26.0,1,1,0.5,1,0,0,1,0,0,1,0,0,0,0,0,0,0,0,1
547,1.0,2,19.0,1,0,26.0,2,0,1.0,0,0,0,1,0,0,0,1,0,0,0,0,0,0,0,1
548,1.0,2,32.56178283691406,0,0,13.8625,1,1,0.5,1,1,0,0,0,0,1,0,0,0,0,0,0,0,0,1
549,0.0,3,33.0,1,1,20.525,3,0,1.0,1,0,0,1,0,0,1,0,0,0,0,0,0,0,0,1
550,1.0,2,8.0,1,1,36.75,3,0,0.0,1,0,0,1,1,0,0,0,0,0,0,0,0,0,0,1
551,1.0,1,17.0,0,2,110.8833,3,0,1.0,1,1,0,0,0,0,1,0,0,0,0,1,0,0,0,0
552,0.0,2,27.0,0,0,26.0,1,1,0.5,1,0,0,1,0,0,1,0,0,0,0,0,0,0,0,1
553,0.0,3,28.0058536529541,0,0,7.8292,1,1,0.5,1,0,1,0,0,0,1,0,0,0,0,0,0,0,0,1
554,1.0,3,22.0,0,0,7.225,1,1,0.5,1,1,0,0,0,0,1,0,0,0,0,0,0,0,0,1
555,1.0,3,22.0,0,0,7.775,1,1,0.5,0,0,0,1,0,1,0,0,0,0,0,0,0,0,0,1
556,0.0,1,62.0,0,0,26.55,1,1,0.5,1,0,0,1,0,0,1,0,0,0,0,0,0,0,0,1
557,1.0,1,48.0,1,0,39.6,2,0,0.5,0,1,0,0,0,0,0,0,1,1,0,0,0,0,0,0
558,0.0,1,37.673683166503906,0,0,227.525,1,1,1.0,1,1,0,0,0,0,1,0,0,0,0,0,0,0,0,1
559,1.0,1,39.0,1,1,79.65,3,0,1.0,0,0,0,1,0,0,0,1,0,0,0,0,0,1,0,0
560,1.0,3,36.0,1,0,17.4,2,0,0.5,0,0,0,1,0,0,0,1,0,0,0,0,0,0,0,1
561,0.0,3,28.0058536529541,0,0,7.75,1,1,0.5,1,0,1,0,0,0,1,0,0,0,0,0,0,0,0,1
562,0.0,3,40.0,0,0,7.8958,1,1,0.5,1,0,0,1,0,0,1,0,0,0,0,0,0,0,0,1
563,0.0,2,28.0,0,0,13.5,1,1,0.5,1,0,0,1,0,0,1,0,0,0,0,0,0,0,0,1
564,0.0,3,28.0058536529541,0,0,8.05,1,1,0.5,1,0,0,1,0,0,1,0,0,0,0,0,0,0,0,1
565,0.0,3,28.0058536529541,0,0,8.05,1,1,0.5,0,0,0,1,0,1,0,0,0,0,0,0,0,0,0,1
566,0.0,3,24.0,2,0,24.15,3,0,0.0,1,0,0,1,0,0,1,0,0,0,0,0,0,0,0,1
567,0.0,3,19.0,0,0,7.8958,1,1,0.5,1,0,0,1,0,0,1,0,0,0,0,0,0,0,0,1
568,0.0,3,29.0,0,4,21.075,5,0,0.0,0,0,0,1,0,0,0,1,0,0,0,0,0,0,0,1
569,0.0,3,28.0058536529541,0,0,7.2292,1,1,0.5,1,1,0,0,0,0,1,0,0,0,0,0,0,0,0,1
570,1.0,3,32.0,0,0,7.8542,1,1,0.5,1,0,0,1,0,0,1,0,0,0,0,0,0,0,0,1
571,1.0,2,62.0,0,0,10.5,1,1,0.0,1,0,0,1,0,0,1,0,0,0,0,0,0,0,0,1
572,1.0,1,53.0,2,0,51.4792,3,0,0.5,0,0,0,1,0,0,0,1,0,0,0,1,0,0,0,0
573,1.0,1,36.0,0,0,26.3875,1,1,0.5,1,0,0,1,0,0,1,0,0,0,0,0,0,1,0,0
574,1.0,3,23.591169357299805,0,0,7.75,1,1,1.0,0,0,1,0,0,1,0,0,0,0,0,0,0,0,0,1
575,0.0,3,16.0,0,0,8.05,1,1,0.5,1,0,0,1,0,0,1,0,0,0,0,0,0,0,0,1
576,0.0,3,19.0,0,0,14.5,1,1,0.0,1,0,0,1,0,0,1,0,0,0,0,0,0,0,0,1
577,1.0,2,34.0,0,0,13.0,1,1,0.5,0,0,0,1,0,1,0,0,0,0,0,0,0,0,0,1
578,1.0,1,39.0,1,0,55.9,2,0,0.0,0,0,0,1,0,0,0,1,0,0,0,0,0,1,0,0
579,0.0,3,27.537206649780273,1,0,14.4583,2,0,0.5,0,1,0,0,0,0,0,1,0,0,0,0,0,0,0,1
580,1.0,3,32.0,0,0,7.925,1,1,0.5,1,0,0,1,0,0,1,0,0,0,0,0,0,0,0,1
581,1.0,2,25.0,1,1,30.0,3,0,0.5,0,0,0,1,0,1,0,0,0,0,0,0,0,0,0,1
582,1.0,1,39.0,1,1,110.8833,3,0,1.0,0,1,0,0,0,0,0,1,0,0,0,1,0,0,0,0
583,0.0,2,54.0,0,0,26.0,1,1,0.0,1,0,0,1,0,0,1,0,0,0,0,0,0,0,0,1
584,0.0,1,36.0,0,0,40.125,1,1,0.5,1,1,0,0,0,0,1,0,0,1,0,0,0,0,0,0
585,0.0,3,28.0058536529541,0,0,8.7125,1,1,0.5,1,1,0,0,0,0,1,0,0,0,0,0,0,0,0,1
586,1.0,1,18.0,0,2,79.65,3,0,1.0,0,0,0,1,0,1,0,0,0,0,0,0,0,1,0,0
587,0.0,2,47.0,0,0,15.0,1,1,0.5,1,0,0,1,0,0,1,0,0,0,0,0,0,0,0,1
588,1.0,1,60.0,1,1,79.2,3,0,0.5,1,1,0,0,0,0,1,0,0,0,1,0,0,0,0,0
589,0.0,3,22.0,0,0,8.05,1,1,0.5,1,0,0,1,0,0,1,0,0,0,0,0,0,0,0,1
590,0.0,3,28.0058536529541,0,0,8.05,1,1,0.5,1,0,0,1,0,0,1,0,0,0,0,0,0,0,0,1
591,0.0,3,35.0,0,0,7.125,1,1,0.5,1,0,0,1,0,0,1,0,0,0,0,0,0,0,0,1
592,1.0,1,52.0,1,0,78.2667,2,0,1.0,0,1,0,0,0,0,0,1,0,0,0,0,1,0,0,0
593,0.0,3,47.0,0,0,7.25,1,1,0.5,1,0,0,1,0,0,1,0,0,0,0,0,0,0,0,1
594,0.0,3,21.198741912841797,0,2,7.75,3,0,0.5,0,0,1,0,0,1,0,0,0,0,0,0,0,0,0,1
595,0.0,2,37.0,1,0,26.0,2,0,0.5,1,0,0,1,0,0,1,0,0,0,0,0,0,0,0,1
596,0.0,3,36.0,1,1,24.15,3,0,0.0,1,0,0,1,0,0,1,0,0,0,0,0,0,0,0,1
597,1.0,2,28.93446159362793,0,0,33.0,1,1,1.0,0,0,0,1,0,1,0,0,0,0,0,0,0,0,0,1
598,0.0,3,49.0,0,0,0.0,1,1,1.0,1,0,0,1,0,0,1,0,0,0,0,0,0,0,0,1
599,0.0,3,28.0058536529541,0,0,7.225,1,1,0.5,1,1,0,0,0,0,1,0,0,0,0,0,0,0,0,1
600,1.0,1,49.0,1,0,56.9292,2,0,1.0,1,1,0,0,0,0,0,0,1,1,0,0,0,0,0,0
601,1.0,2,24.0,2,1,27.0,4,0,0.0,0,0,0,1,0,0,0,1,0,0,0,0,0,0,0,1
602,0.0,3,28.0058536529541,0,0,7.8958,1,1,0.5,1,0,0,1,0,0,1,0,0,0,0,0,0,0,0,1
603,0.0,1,40.9089469909668,0,0,42.4,1,1,0.5,1,0,0,1,0,0,1,0,0,0,0,0,0,0,0,1
604,0.0,3,44.0,0,0,8.05,1,1,0.5,1,0,0,1,0,0,1,0,0,0,0,0,0,0,0,1
605,1.0,1,35.0,0,0,26.55,1,1,0.5,1,1,0,0,0,0,1,0,0,0,0,0,0,0,0,1
606,0.0,3,36.0,1,0,15.55,2,0,0.5,1,0,0,1,0,0,1,0,0,0,0,0,0,0,0,1
607,0.0,3,30.0,0,0,7.8958,1,1,0.5,1,0,0,1,0,0,1,0,0,0,0,0,0,0,0,1
608,1.0,1,27.0,0,0,30.5,1,1,0.5,1,0,0,1,0,0,1,0,0,0,0,0,0,0,0,1
609,1.0,2,22.0,1,2,41.5792,4,0,1.0,0,1,0,0,0,0,0,1,0,0,0,0,0,0,0,1
610,1.0,1,40.0,0,0,153.4625,1,1,1.0,0,0,0,1,0,1,0,0,0,0,0,1,0,0,0,0
611,0.0,3,39.0,1,5,31.275,7,0,0.0,0,0,0,1,0,0,0,1,0,0,0,0,0,0,0,1
612,0.0,3,28.0058536529541,0,0,7.05,1,1,0.5,1,0,0,1,0,0,1,0,0,0,0,0,0,0,0,1
613,1.0,3,25.99787712097168,1,0,15.5,2,0,1.0,0,0,1,0,0,1,0,0,0,0,0,0,0,0,0,1
614,0.0,3,28.0058536529541,0,0,7.75,1,1,0.5,1,0,1,0,0,0,1,0,0,0,0,0,0,0,0,1
615,0.0,3,35.0,0,0,8.05,1,1,0.5,1,0,0,1,0,0,1,0,0,0,0,0,0,0,0,1
616,1.0,2,24.0,1,2,65.0,4,0,1.0,0,0,0,1,0,1,0,0,0,0,0,0,0,0,0,1
617,0.0,3,34.0,1,1,14.4,3,0,0.0,1,0,0,1,0,0,1,0,0,0,0,0,0,0,0,1
618,0.0,3,26.0,1,0,16.1,2,0,0.0,0,0,0,1,0,0,0,1,0,0,0,0,0,0,0,1
619,1.0,2,4.0,2,1,39.0,4,0,1.0,0,0,0,1,0,1,0,0,0,0,0,0,0,0,1,0
620,0.0,2,26.0,0,0,10.5,1,1,0.5,1,0,0,1,0,0,1,0,0,0,0,0,0,0,0,1
621,0.0,3,27.0,1,0,14.4542,2,0,1.0,1,1,0,0,0,0,1,0,0,0,0,0,0,0,0,1
622,1.0,1,42.0,1,0,52.5542,2,0,0.5,1,0,0,1,0,0,1,0,0,0,0,0,1,0,0,0
623,1.0,3,20.0,1,1,15.7417,3,0,1.0,1,1,0,0,0,0,1,0,0,0,0,0,0,0,0,1
624,0.0,3,21.0,0,0,7.8542,1,1,0.0,1,0,0,1,0,0,1,0,0,0,0,0,0,0,0,1
625,0.0,3,21.0,0,0,16.1,1,1,0.0,1,0,0,1,0,0,1,0,0,0,0,0,0,0,0,1
626,0.0,1,61.0,0,0,32.3208,1,1,0.5,1,0,0,1,0,0,1,0,0,0,0,0,1,0,0,0
627,0.0,2,57.0,0,0,12.35,1,1,0.5,1,0,1,0,0,0,0,0,1,0,0,0,0,0,0,1
628,1.0,1,21.0,0,0,77.9583,1,1,1.0,0,0,0,1,0,1,0,0,0,0,0,0,1,0,0,0
629,0.0,3,26.0,0,0,7.8958,1,1,0.5,1,0,0,1,0,0,1,0,0,0,0,0,0,0,0,1
630,0.0,3,28.0058536529541,0,0,7.7333,1,1,0.5,1,0,1,0,0,0,1,0,0,0,0,0,0,0,0,1
631,1.0,1,80.0,0,0,30.0,1,1,0.5,1,0,0,1,0,0,1,0,0,1,0,0,0,0,0,0
632,0.0,3,51.0,0,0,7.0542,1,1,0.5,1,0,0,1,0,0,1,0,0,0,0,0,0,0,0,1
633,1.0,1,32.0,0,0,30.5,1,1,0.5,1,1,0,0,0,0,0,0,1,0,1,0,0,0,0,0
634,0.0,1,40.9089469909668,0,0,0.0,1,1,0.5,1,0,0,1,0,0,1,0,0,0,0,0,0,0,0,1
635,0.0,3,9.0,3,2,27.9,6,0,0.0,0,0,0,1,0,1,0,0,0,0,0,0,0,0,0,1
636,1.0,2,28.0,0,0,13.0,1,1,0.5,0,0,0,1,0,1,0,0,0,0,0,0,0,0,0,1
637,0.0,3,32.0,0,0,7.925,1,1,0.5,1,0,0,1,0,0,1,0,0,0,0,0,0,0,0,1
638,0.0,2,31.0,1,1,26.25,3,0,1.0,1,0,0,1,0,0,1,0,0,0,0,0,0,0,0,1
639,0.0,3,41.0,0,5,39.6875,6,0,0.0,0,0,0,1,0,0,0,1,0,0,0,0,0,0,0,1
640,0.0,3,25.99787712097168,1,0,16.1,2,0,1.0,1,0,0,1,0,0,1,0,0,0,0,0,0,0,0,1
641,0.0,3,20.0,0,0,7.8542,1,1,0.0,1,0,0,1,0,0,1,0,0,0,0,0,0,0,0,1
642,1.0,1,24.0,0,0,69.3,1,1,1.0,0,1,0,0,0,0,0,0,1,0,1,0,0,0,0,0
643,0.0,3,2.0,3,2,27.9,6,0,0.0,0,0,0,1,0,1,0,0,0,0,0,0,0,0,0,1
644,1.0,3,23.591169357299805,0,0,56.4958,1,1,1.0,1,0,0,1,0,0,1,0,0,0,0,0,0,0,0,1
645,1.0,3,0.75,2,1,19.2583,4,0,1.0,0,1,0,0,0,1,0,0,0,0,0,0,0,0,0,1
646,1.0,1,48.0,1,0,76.7292,2,0,1.0,1,1,0,0,0,0,1,0,0,0,0,0,1,0,0,0
647,0.0,3,19.0,0,0,7.8958,1,1,0.5,1,0,0,1,0,0,1,0,0,0,0,0,0,0,0,1
648,1.0,1,56.0,0,0,35.5,1,1,0.5,1,1,0,0,0,0,0,0,1,1,0,0,0,0,0,0
649,0.0,3,28.0058536529541,0,0,7.55,1,1,0.5,1,0,0,1,0,0,1,0,0,0,0,0,0,0,0,1
650,1.0,3,23.0,0,0,7.55,1,1,0.5,0,0,0,1,0,1,0,0,0,0,0,0,0,0,0,1
651,0.0,3,28.0058536529541,0,0,7.8958,1,1,0.5,1,0,0,1,0,0,1,0,0,0,0,0,0,0,0,1
652,1.0,2,18.0,0,1,23.0,2,0,1.0,0,0,0,1,0,1,0,0,0,0,0,0,0,0,0,1
653,0.0,3,21.0,0,0,8.4333,1,1,0.5,1,0,0,1,0,0,1,0,0,0,0,0,0,0,0,1
654,1.0,3,28.0058536529541,0,0,7.8292,1,1,0.5,0,0,1,0,0,1,0,0,0,0,0,0,0,0,0,1
655,0.0,3,18.0,0,0,6.75,1,1,0.5,0,0,1,0,0,1,0,0,0,0,0,0,0,0,0,1
656,0.0,2,24.0,2,0,73.5,3,0,0.0,1,0,0,1,0,0,1,0,0,0,0,0,0,0,0,1
657,0.0,3,28.0058536529541,0,0,7.8958,1,1,0.5,1,0,0,1,0,0,1,0,0,0,0,0,0,0,0,1
658,0.0,3,32.0,1,1,15.5,3,0,0.0,0,0,1,0,0,0,0,1,0,0,0,0,0,0,0,1
659,0.0,2,23.0,0,0,13.0,1,1,0.5,1,0,0,1,0,0,1,0,0,0,0,0,0,0,0,1
660,0.0,1,58.0,0,2,113.275,3,0,1.0,1,1,0,0,0,0,1,0,0,0,0,0,1,0,0,0
661,1.0,1,50.0,2,0,133.65,3,0,1.0,1,0,0,1,0,0,0,0,1,0,0,0,0,0,0,1
662,0.0,3,40.0,0,0,7.225,1,1,0.5,1,1,0,0,0,0,1,0,0,0,0,0,0,0,0,1
663,0.0,1,47.0,0,0,25.5875,1,1,0.5,1,0,0,1,0,0,1,0,0,0,0,0,0,1,0,0
664,0.0,3,36.0,0,0,7.4958,1,1,0.0,1,0,0,1,0,0,1,0,0,0,0,0,0,0,0,1
665,1.0,3,20.0,1,0,7.925,2,0,0.5,1,0,0,1,0,0,1,0,0,0,0,0,0,0,0,1
666,0.0,2,32.0,2,0,73.5,3,0,0.0,1,0,0,1,0,0,1,0,0,0,0,0,0,0,0,1
667,0.0,2,25.0,0,0,13.0,1,1,0.5,1,0,0,1,0,0,1,0,0,0,0,0,0,0,0,1
668,0.0,3,28.0058536529541,0,0,7.775,1,1,0.5,1,0,0,1,0,0,1,0,0,0,0,0,0,0,0,1
669,0.0,3,43.0,0,0,8.05,1,1,0.5,1,0,0,1,0,0,1,0,0,0,0,0,0,0,0,1
670,1.0,1,40.080406188964844,1,0,52.0,2,0,1.0,0,0,0,1,0,0,0,1,0,0,0,1,0,0,0,0
671,1.0,2,40.0,1,1,39.0,3,0,0.0,0,0,0,1,0,0,0,1,0,0,0,0,0,0,0,1
672,0.0,1,31.0,1,0,52.0,2,0,0.5,1,0,0,1,0,0,1,0,0,0,1,0,0,0,0,0
673,0.0,2,70.0,0,0,10.5,1,1,0.5,1,0,0,1,0,0,1,0,0,0,0,0,0,0,0,1
674,1.0,2,31.0,0,0,13.0,1,1,0.5,1,0,0,1,0,0,1,0,0,0,0,0,0,0,0,1
675,0.0,2,32.56178283691406,0,0,0.0,1,1,0.5,1,0,0,1,0,0,1,0,0,0,0,0,0,0,0,1
676,0.0,3,18.0,0,0,7.775,1,1,0.5,1,0,0,1,0,0,1,0,0,0,0,0,0,0,0,1
677,0.0,3,24.5,0,0,8.05,1,1,0.5,1,0,0,1,0,0,1,0,0,0,0,0,0,0,0,1
678,1.0,3,18.0,0,0,9.8417,1,1,0.5,0,0,0,1,0,1,0,0,0,0,0,0,0,0,0,1
679,0.0,3,43.0,1,6,46.9,8,0,0.0,0,0,0,1,0,0,0,1,0,0,0,0,0,0,0,1
680,1.0,1,36.0,0,1,512.3292,2,0,1.0,1,1,0,0,0,0,1,0,0,0,1,0,0,0,0,0
681,0.0,3,28.0058536529541,0,0,8.1375,1,1,0.5,0,0,1,0,0,1,0,0,0,0,0,0,0,0,0,1
682,1.0,1,27.0,0,0,76.7292,1,1,1.0,1,1,0,0,0,0,1,0,0,0,0,0,1,0,0,0
683,0.0,3,20.0,0,0,9.225,1,1,0.5,1,0,0,1,0,0,1,0,0,0,0,0,0,0,0,1
684,0.0,3,14.0,5,2,46.9,8,0,0.0,1,0,0,1,0,0,1,0,0,0,0,0,0,0,0,1
685,0.0,2,60.0,1,1,39.0,3,0,1.0,1,0,0,1,0,0,1,0,0,0,0,0,0,0,0,1
686,0.0,2,25.0,1,2,41.5792,4,0,1.0,1,1,0,0,0,0,1,0,0,0,0,0,0,0,0,1
687,0.0,3,14.0,4,1,39.6875,6,0,0.0,1,0,0,1,0,0,1,0,0,0,0,0,0,0,0,1
688,0.0,3,19.0,0,0,10.1708,1,1,0.5,1,0,0,1,0,0,1,0,0,0,0,0,0,0,0,1
689,0.0,3,18.0,0,0,7.7958,1,1,0.5,1,0,0,1,0,0,1,0,0,0,0,0,0,0,0,1
690,1.0,1,15.0,0,1,211.3375,2,0,1.0,0,0,0,1,0,1,0,0,0,0,1,0,0,0,0,0
691,1.0,1,31.0,1,0,57.0,2,0,1.0,1,0,0,1,0,0,1,0,0,0,1,0,0,0,0,0
692,1.0,3,4.0,0,1,13.4167,2,0,0.5,0,1,0,0,0,1,0,0,0,0,0,0,0,0,0,1
693,1.0,3,23.591169357299805,0,0,56.4958,1,1,1.0,1,0,0,1,0,0,1,0,0,0,0,0,0,0,0,1
694,0.0,3,25.0,0,0,7.225,1,1,0.5,1,1,0,0,0,0,1,0,0,0,0,0,0,0,0,1
695,0.0,1,60.0,0,0,26.55,1,1,0.5,1,0,0,1,0,0,0,0,1,0,0,0,0,0,0,1
696,0.0,2,52.0,0,0,13.5,1,1,0.5,1,0,0,1,0,0,1,0,0,0,0,0,0,0,0,1
697,0.0,3,44.0,0,0,8.05,1,1,0.5,1,0,0,1,0,0,1,0,0,0,0,0,0,0,0,1
698,1.0,3,28.0058536529541,0,0,7.7333,1,1,0.5,0,0,1,0,0,1,0,0,0,0,0,0,0,0,0,1
699,0.0,1,49.0,1,1,110.8833,3,0,1.0,1,1,0,0,0,0,1,0,0,0,0,1,0,0,0,0
700,0.0,3,42.0,0,0,7.65,1,1,0.5,1,0,0,1,0,0,1,0,0,0,0,0,0,0,1,0
701,1.0,1,18.0,1,0,227.525,2,0,1.0,0,1,0,0,0,0,0,1,0,0,0,1,0,0,0,0
702,1.0,1,35.0,0,0,26.2875,1,1,0.5,1,0,0,1,0,0,1,0,0,0,0,0,0,1,0,0
703,0.0,3,18.0,0,1,14.4542,2,0,0.0,0,1,0,0,0,1,0,0,0,0,0,0,0,0,0,1
704,0.0,3,25.0,0,0,7.7417,1,1,0.5,1,0,1,0,0,0,1,0,0,0,0,0,0,0,0,1
705,0.0,3,26.0,1,0,7.8542,2,0,0.0,1,0,0,1,0,0,1,0,0,0,0,0,0,0,0,1
706,0.0,2,39.0,0,0,26.0,1,1,1.0,1,0,0,1,0,0,1,0,0,0,0,0,0,0,0,1
707,1.0,2,45.0,0,0,13.5,1,1,0.5,0,0,0,1,0,0,0,1,0,0,0,0,0,0,0,1
708,1.0,1,42.0,0,0,26.2875,1,1,0.5,1,0,0,1,0,0,1,0,0,0,0,0,0,1,0,0
709,1.0,1,22.0,0,0,151.55,1,1,1.0,0,0,0,1,0,1,0,0,0,0,0,0,0,0,0,1
710,1.0,3,17.89824867248535,1,1,15.2458,3,0,1.0,1,1,0,0,1,0,0,0,0,0,0,0,0,0,0,1
711,1.0,1,24.0,0,0,49.5042,1,1,0.5,0,1,0,0,0,0,0,0,1,0,0,1,0,0,0,0
712,0.0,1,40.9089469909668,0,0,26.55,1,1,0.5,1,0,0,1,0,0,1,0,0,0,0,1,0,0,0,0
713,1.0,1,48.0,1,0,52.0,2,0,1.0,1,0,0,1,0,0,1,0,0,0,0,1,0,0,0,0
714,0.0,3,29.0,0,0,9.4833,1,1,0.5,1,0,0,1,0,0,1,0,0,0,0,0,0,0,0,1
715,0.0,2,52.0,0,0,13.0,1,1,0.0,1,0,0,1,0,0,1,0,0,0,0,0,0,0,0,1
716,0.0,3,19.0,0,0,7.65,1,1,0.5,1,0,0,1,0,0,1,0,0,0,0,0,0,0,1,0
717,1.0,1,38.0,0,0,227.525,1,1,1.0,0,1,0,0,0,1,0,0,0,0,0,1,0,0,0,0
718,1.0,2,27.0,0,0,10.5,1,1,0.5,0,0,0,1,0,1,0,0,0,0,0,0,0,1,0,0
719,0.0,3,28.0058536529541,0,0,15.5,1,1,0.5,1,0,1,0,0,0,1,0,0,0,0,0,0,0,0,1
720,0.0,3,33.0,0,0,7.775,1,1,0.5,1,0,0,1,0,0,1,0,0,0,0,0,0,0,0,1
721,1.0,2,6.0,0,1,33.0,2,0,1.0,0,0,0,1,0,1,0,0,0,0,0,0,0,0,0,1
722,0.0,3,17.0,1,0,7.0542,2,0,0.5,1,0,0,1,0,0,1,0,0,0,0,0,0,0,0,1
723,0.0,2,34.0,0,0,13.0,1,1,0.5,1,0,0,1,0,0,1,0,0,0,0,0,0,0,0,1
724,0.0,2,50.0,0,0,13.0,1,1,0.5,1,0,0,1,0,0,1,0,0,0,0,0,0,0,0,1
725,1.0,1,27.0,1,0,53.1,2,0,1.0,1,0,0,1,0,0,1,0,0,0,0,0,0,1,0,0
726,0.0,3,20.0,0,0,8.6625,1,1,0.0,1,0,0,1,0,0,1,0,0,0,0,0,0,0,0,1
727,1.0,2,30.0,3,0,21.0,4,0,0.0,0,0,0,1,0,0,0,1,0,0,0,0,0,0,0,1
728,1.0,3,28.0058536529541,0,0,7.7375,1,1,0.5,0,0,1,0,0,1,0,0,0,0,0,0,0,0,0,1
729,0.0,2,25.0,1,0,26.0,2,0,0.5,1,0,0,1,0,0,1,0,0,0,0,0,0,0,0,1
730,0.0,3,25.0,1,0,7.925,2,0,0.5,0,0,0,1,0,1,0,0,0,0,0,0,0,0,0,1
731,1.0,1,29.0,0,0,211.3375,1,1,1.0,0,0,0,1,0,1,0,0,0,0,1,0,0,0,0,0
732,0.0,3,11.0,0,0,18.7875,1,1,1.0,1,1,0,0,0,0,1,0,0,0,0,0,0,0,0,1
733,0.0,2,32.56178283691406,0,0,0.0,1,1,0.5,1,0,0,1,0,0,1,0,0,0,0,0,0,0,0,1
734,0.0,2,23.0,0,0,13.0,1,1,0.5,1,0,0,1,0,0,1,0,0,0,0,0,0,0,0,1
735,0.0,2,23.0,0,0,13.0,1,1,0.5,1,0,0,1,0,0,1,0,0,0,0,0,0,0,0,1
736,0.0,3,28.5,0,0,16.1,1,1,0.0,1,0,0,1,0,0,1,0,0,0,0,0,0,0,0,1
737,0.0,3,48.0,1,3,34.375,5,0,0.0,0,0,0,1,0,0,0,1,0,0,0,0,0,0,0,1
738,1.0,1,35.0,0,0,512.3292,1,1,1.0,1,1,0,0,0,0,1,0,0,0,1,0,0,0,0,0
739,0.0,3,28.0058536529541,0,0,7.8958,1,1,0.5,1,0,0,1,0,0,1,0,0,0,0,0,0,0,0,1
740,0.0,3,28.0058536529541,0,0,7.8958,1,1,0.5,1,0,0,1,0,0,1,0,0,0,0,0,0,0,0,1
741,1.0,1,40.9089469909668,0,0,30.0,1,1,0.5,1,0,0,1,0,0,1,0,0,0,0,0,1,0,0,0
742,0.0,1,36.0,1,0,78.85,2,0,1.0,1,0,0,1,0,0,1,0,0,0,0,1,0,0,0,0
743,1.0,1,21.0,2,2,262.375,5,0,1.0,0,1,0,0,0,1,0,0,0,0,1,0,0,0,0,0
744,0.0,3,24.0,1,0,16.1,2,0,0.5,1,0,0,1,0,0,1,0,0,0,0,0,0,0,0,1
745,1.0,3,31.0,0,0,7.925,1,1,0.5,1,0,0,1,0,0,1,0,0,0,0,0,0,0,0,1
746,0.0,1,70.0,1,1,71.0,3,0,1.0,1,0,0,1,0,0,0,0,1,0,1,0,0,0,0,0
747,0.0,3,16.0,1,1,20.25,3,0,1.0,1,0,0,1,0,0,1,0,0,0,0,0,0,0,0,1
748,1.0,2,30.0,0,0,13.0,1,1,0.5,0,0,0,1,0,1,0,0,0,0,0,0,0,0,0,1
749,0.0,1,19.0,1,0,53.1,2,0,0.5,1,0,0,1,0,0,1,0,0,0,0,0,1,0,0,0
750,0.0,3,31.0,0,0,7.75,1,1,0.5,1,0,1,0,0,0,1,0,0,0,0,0,0,0,0,1
751,1.0,2,4.0,1,1,23.0,3,0,0.5,0,0,0,1,0,1,0,0,0,0,0,0,0,0,0,1
752,1.0,3,6.0,0,1,12.475,2,0,1.0,1,0,0,1,1,0,0,0,0,0,0,0,0,1,0,0
753,0.0,3,33.0,0,0,9.5,1,1,0.5,1,0,0,1,0,0,1,0,0,0,0,0,0,0,0,1
754,0.0,3,23.0,0,0,7.8958,1,1,0.5,1,0,0,1,0,0,1,0,0,0,0,0,0,0,0,1
755,1.0,2,48.0,1,2,65.0,4,0,1.0,0,0,0,1,0,0,0,1,0,0,0,0,0,0,0,1
756,1.0,2,0.67,1,1,14.5,3,0,1.0,1,0,0,1,1,0,0,0,0,0,0,0,0,0,0,1
757,0.0,3,28.0,0,0,7.7958,1,1,0.5,1,0,0,1,0,0,1,0,0,0,0,0,0,0,0,1
758,0.0,2,18.0,0,0,11.5,1,1,0.5,1,0,0,1,0,0,1,0,0,0,0,0,0,0,0,1
759,0.0,3,34.0,0,0,8.05,1,1,0.5,1,0,0,1,0,0,1,0,0,0,0,0,0,0,0,1
760,1.0,1,33.0,0,0,86.5,1,1,1.0,0,0,0,1,0,0,0,0,1,0,1,0,0,0,0,0
761,0.0,3,26.820613861083984,0,0,14.5,1,1,0.0,1,0,0,1,0,0,1,0,0,0,0,0,0,0,0,1
762,0.0,3,41.0,0,0,7.125,1,1,0.5,1,0,0,1,0,0,1,0,0,0,0,0,0,0,0,1
763,1.0,3,20.0,0,0,7.2292,1,1,0.5,1,1,0,0,0,0,1,0,0,0,0,0,0,0,0,1
764,1.0,1,36.0,1,2,120.0,4,0,1.0,0,0,0,1,0,0,0,1,0,0,1,0,0,0,0,0
765,0.0,3,16.0,0,0,7.775,1,1,0.5,1,0,0,1,0,0,1,0,0,0,0,0,0,0,0,1
766,1.0,1,51.0,1,0,77.9583,2,0,1.0,0,0,0,1,0,0,0,1,0,0,0,0,1,0,0,0
767,0.0,1,40.9089469909668,0,0,39.6,1,1,0.5,1,1,0,0,0,0,0,0,1,0,0,0,0,0,0,1
768,0.0,3,30.5,0,0,7.75,1,1,0.5,0,0,1,0,0,1,0,0,0,0,0,0,0,0,0,1
769,0.0,3,25.99787712097168,1,0,24.15,2,0,1.0,1,0,1,0,0,0,1,0,0,0,0,0,0,0,0,1
770,0.0,3,32.0,0,0,8.3625,1,1,0.5,1,0,0,1,0,0,1,0,0,0,0,0,0,0,0,1
771,0.0,3,24.0,0,0,9.5,1,1,0.5,1,0,0,1,0,0,1,0,0,0,0,0,0,0,0,1
772,0.0,3,48.0,0,0,7.8542,1,1,0.0,1,0,0,1,0,0,1,0,0,0,0,0,0,0,0,1
773,0.0,2,57.0,0,0,10.5,1,1,0.0,0,0,0,1,0,0,0,1,0,0,0,0,0,1,0,0
774,0.0,3,28.0058536529541,0,0,7.225,1,1,0.5,1,1,0,0,0,0,1,0,0,0,0,0,0,0,0,1
775,1.0,2,54.0,1,3,23.0,5,0,0.5,0,0,0,1,0,0,0,1,0,0,0,0,0,0,0,1
776,0.0,3,18.0,0,0,7.75,1,1,0.5,1,0,0,1,0,0,1,0,0,0,0,0,0,0,0,1
777,0.0,3,28.0058536529541,0,0,7.75,1,1,0.5,1,0,1,0,0,0,1,0,0,0,0,0,0,0,1,0
778,1.0,3,5.0,0,0,12.475,1,1,1.0,0,0,0,1,0,1,0,0,0,0,0,0,0,0,0,1
779,0.0,3,28.0058536529541,0,0,7.7375,1,1,0.5,1,0,1,0,0,0,1,0,0,0,0,0,0,0,0,1
780,1.0,1,43.0,0,1,211.3375,2,0,1.0,0,0,0,1,0,0,0,1,0,0,1,0,0,0,0,0
781,1.0,3,13.0,0,0,7.2292,1,1,0.5,0,1,0,0,0,1,0,0,0,0,0,0,0,0,0,1
782,1.0,1,17.0,1,0,57.0,2,0,1.0,0,0,0,1,0,0,0,1,0,0,1,0,0,0,0,0
783,0.0,1,29.0,0,0,30.0,1,1,0.5,1,0,0,1,0,0,1,0,0,0,0,0,1,0,0,0
784,0.0,3,15.938092231750488,1,2,23.45,4,0,0.0,1,0,0,1,0,0,1,0,0,0,0,0,0,0,0,1
785,0.0,3,25.0,0,0,7.05,1,1,0.0,1,0,0,1,0,0,1,0,0,0,0,0,0,0,0,1
786,0.0,3,25.0,0,0,7.25,1,1,0.5,1,0,0,1,0,0,1,0,0,0,0,0,0,0,0,1
787,1.0,3,18.0,0,0,7.4958,1,1,0.5,0,0,0,1,0,1,0,0,0,0,0,0,0,0,0,1
788,0.0,3,8.0,4,1,29.125,6,0,0.0,1,0,1,0,1,0,0,0,0,0,0,0,0,0,0,1
789,1.0,3,1.0,1,2,20.575,4,0,0.0,1,0,0,1,1,0,0,0,0,0,0,0,0,0,0,1
790,0.0,1,46.0,0,0,79.2,1,1,0.0,1,1,0,0,0,0,1,0,0,0,1,0,0,0,0,0
791,0.0,3,28.0058536529541,0,0,7.75,1,1,0.5,1,0,1,0,0,0,1,0,0,0,0,0,0,0,0,1
792,0.0,2,16.0,0,0,26.0,1,1,0.0,1,0,0,1,0,0,1,0,0,0,0,0,0,0,0,1
793,0.0,3,9.835808753967285,8,2,69.55,11,0,0.0,0,0,0,1,0,1,0,0,0,0,0,0,0,0,0,1
794,0.0,1,40.9089469909668,0,0,30.6958,1,1,0.5,1,1,0,0,0,0,1,0,0,0,0,0,0,0,0,1
795,0.0,3,25.0,0,0,7.8958,1,1,0.5,1,0,0,1,0,0,1,0,0,0,0,0,0,0,0,1
796,0.0,2,39.0,0,0,13.0,1,1,0.5,1,0,0,1,0,0,1,0,0,0,0,0,0,0,0,1
797,1.0,1,49.0,0,0,25.9292,1,1,0.5,0,0,0,1,0,0,0,0,1,0,0,0,1,0,0,0
798,1.0,3,31.0,0,0,8.6833,1,1,0.5,0,0,0,1,0,0,0,1,0,0,0,0,0,0,0,1
799,0.0,3,30.0,0,0,7.2292,1,1,0.5,1,1,0,0,0,0,1,0,0,0,0,0,0,0,0,1
800,0.0,3,30.0,1,1,24.15,3,0,0.0,0,0,0,1,0,0,0,1,0,0,0,0,0,0,0,1
801,0.0,2,34.0,0,0,13.0,1,1,0.0,1,0,0,1,0,0,1,0,0,0,0,0,0,0,0,1
802,1.0,2,31.0,1,1,26.25,3,0,1.0,0,0,0,1,0,0,0,1,0,0,0,0,0,0,0,1
803,1.0,1,11.0,1,2,120.0,4,0,1.0,1,0,0,1,1,0,0,0,0,0,1,0,0,0,0,0
804,1.0,3,0.42,0,1,8.5167,2,0,0.5,1,1,0,0,1,0,0,0,0,0,0,0,0,0,0,1
805,1.0,3,27.0,0,0,6.975,1,1,0.5,1,0,0,1,0,0,1,0,0,0,0,0,0,0,0,1
806,0.0,3,31.0,0,0,7.775,1,1,0.5,1,0,0,1,0,0,1,0,0,0,0,0,0,0,0,1
807,0.0,1,39.0,0,0,0.0,1,1,0.5,1,0,0,1,0,0,1,0,0,1,0,0,0,0,0,0
808,0.0,3,18.0,0,0,7.775,1,1,0.5,0,0,0,1,0,1,0,0,0,0,0,0,0,0,0,1
809,0.0,2,39.0,0,0,13.0,1,1,0.5,1,0,0,1,0,0,1,0,0,0,0,0,0,0,0,1
810,1.0,1,33.0,1,0,53.1,2,0,1.0,0,0,0,1,0,0,0,1,0,0,0,0,0,1,0,0
811,0.0,3,26.0,0,0,7.8875,1,1,0.5,1,0,0,1,0,0,1,0,0,0,0,0,0,0,0,1
812,0.0,3,39.0,0,0,24.15,1,1,0.0,1,0,0,1,0,0,1,0,0,0,0,0,0,0,0,1
813,0.0,2,35.0,0,0,10.5,1,1,0.5,1,0,0,1,0,0,1,0,0,0,0,0,0,0,0,1
814,0.0,3,6.0,4,2,31.275,7,0,0.0,0,0,0,1,0,1,0,0,0,0,0,0,0,0,0,1
815,0.0,3,30.5,0,0,8.05,1,1,0.5,1,0,0,1,0,0,1,0,0,0,0,0,0,0,0,1
816,0.0,1,40.9089469909668,0,0,0.0,1,1,0.5,1,0,0,1,0,0,1,0,0,0,1,0,0,0,0,0
817,0.0,3,23.0,0,0,7.925,1,1,0.5,0,0,0,1,0,1,0,0,0,0,0,0,0,0,0,1
818,0.0,2,31.0,1,1,37.0042,3,0,1.0,1,1,0,0,0,0,1,0,0,0,0,0,0,0,0,1
819,0.0,3,43.0,0,0,6.45,1,1,0.5,1,0,0,1,0,0,1,0,0,0,0,0,0,0,0,1
820,0.0,3,10.0,3,2,27.9,6,0,0.0,1,0,0,1,1,0,0,0,0,0,0,0,0,0,0,1
821,1.0,1,52.0,1,1,93.5,3,0,1.0,0,0,0,1,0,0,0,1,0,0,1,0,0,0,0,0
822,1.0,3,27.0,0,0,8.6625,1,1,0.5,1,0,0,1,0,0,1,0,0,0,0,0,0,0,0,1
823,0.0,1,38.0,0,0,0.0,1,1,0.5,1,0,0,1,0,0,0,0,1,0,0,0,0,0,0,1
824,1.0,3,27.0,0,1,12.475,2,0,1.0,0,0,0,1,0,0,0,1,0,0,0,0,0,1,0,0
825,0.0,3,2.0,4,1,39.6875,6,0,0.0,1,0,0,1,1,0,0,0,0,0,0,0,0,0,0,1
826,0.0,3,28.0058536529541,0,0,6.95,1,1,0.5,1,0,1,0,0,0,1,0,0,0,0,0,0,0,0,1
827,0.0,3,23.591169357299805,0,0,56.4958,1,1,1.0,1,0,0,1,0,0,1,0,0,0,0,0,0,0,0,1
828,1.0,2,1.0,0,2,37.0042,3,0,0.0,1,1,0,0,1,0,0,0,0,0,0,0,0,0,0,1
829,1.0,3,28.0058536529541,0,0,7.75,1,1,0.5,1,0,1,0,0,0,1,0,0,0,0,0,0,0,0,1
830,1.0,1,62.0,0,0,80.0,1,1,1.0,0,0,0,1,0,0,0,1,0,0,1,0,0,0,0,0
831,1.0,3,15.0,1,0,14.4542,2,0,0.0,0,1,0,0,0,0,0,1,0,0,0,0,0,0,0,1
832,1.0,2,0.83,1,1,18.75,3,0,1.0,1,0,0,1,1,0,0,0,0,0,0,0,0,0,0,1
833,0.0,3,28.0058536529541,0,0,7.2292,1,1,0.5,1,1,0,0,0,0,1,0,0,0,0,0,0,0,0,1
834,0.0,3,23.0,0,0,7.8542,1,1,0.5,1,0,0,1,0,0,1,0,0,0,0,0,0,0,0,1
835,0.0,3,18.0,0,0,8.3,1,1,0.5,1,0,0,1,0,0,1,0,0,0,0,0,0,0,0,1
836,1.0,1,39.0,1,1,83.1583,3,0,0.5,0,1,0,0,0,1,0,0,0,0,0,0,0,1,0,0
837,0.0,3,21.0,0,0,8.6625,1,1,0.5,1,0,0,1,0,0,1,0,0,0,0,0,0,0,0,1
838,0.0,3,28.0058536529541,0,0,8.05,1,1,0.5,1,0,0,1,0,0,1,0,0,0,0,0,0,0,0,1
839,1.0,3,32.0,0,0,56.4958,1,1,1.0,1,0,0,1,0,0,1,0,0,0,0,0,0,0,0,1
840,1.0,1,40.9089469909668,0,0,29.7,1,1,0.5,1,1,0,0,0,0,1,0,0,0,0,1,0,0,0,0
841,0.0,3,20.0,0,0,7.925,1,1,0.5,1,0,0,1,0,0,1,0,0,0,0,0,0,0,0,1
842,0.0,2,16.0,0,0,10.5,1,1,0.0,1,0,0,1,0,0,1,0,0,0,0,0,0,0,0,1
843,1.0,1,30.0,0,0,31.0,1,1,0.0,0,1,0,0,0,1,0,0,0,0,0,0,0,0,0,1
844,0.0,3,34.5,0,0,6.4375,1,1,0.5,1,1,0,0,0,0,1,0,0,0,0,0,0,0,0,1
845,0.0,3,17.0,0,0,8.6625,1,1,0.5,1,0,0,1,0,0,1,0,0,0,0,0,0,0,0,1
846,0.0,3,42.0,0,0,7.55,1,1,0.5,1,0,0,1,0,0,1,0,0,0,0,0,0,0,0,1
847,0.0,3,9.835808753967285,8,2,69.55,11,0,0.0,1,0,0,1,0,0,1,0,0,0,0,0,0,0,0,1
848,0.0,3,35.0,0,0,7.8958,1,1,0.5,1,1,0,0,0,0,1,0,0,0,0,0,0,0,0,1
849,0.0,2,28.0,0,1,33.0,2,0,1.0,1,0,0,1,0,0,0,0,1,0,0,0,0,0,0,1
850,1.0,1,40.080406188964844,1,0,89.1042,2,0,1.0,0,1,0,0,0,0,0,1,0,0,0,1,0,0,0,0
851,0.0,3,4.0,4,2,31.275,7,0,0.0,1,0,0,1,1,0,0,0,0,0,0,0,0,0,0,1
852,0.0,3,74.0,0,0,7.775,1,1,0.5,1,0,0,1,0,0,1,0,0,0,0,0,0,0,0,1
853,0.0,3,9.0,1,1,15.2458,3,0,0.0,0,1,0,0,0,1,0,0,0,0,0,0,0,0,0,1
854,1.0,1,16.0,0,1,39.4,2,0,0.5,0,0,0,1,0,1,0,0,0,0,0,0,1,0,0,0
855,0.0,2,44.0,1,0,26.0,2,0,0.0,0,0,0,1,0,0,0,1,0,0,0,0,0,0,0,1
856,1.0,3,18.0,0,1,9.35,2,0,0.5,0,0,0,1,0,0,0,1,0,0,0,0,0,0,0,1
857,1.0,1,45.0,1,1,164.8667,3,0,1.0,0,0,0,1,0,0,0,1,0,0,0,0,0,0,0,1
858,1.0,1,51.0,0,0,26.55,1,1,0.5,1,0,0,1,0,0,1,0,0,0,0,0,0,1,0,0
859,1.0,3,24.0,0,3,19.2583,4,0,1.0,0,1,0,0,0,0,0,1,0,0,0,0,0,0,0,1
860,0.0,3,28.0058536529541,0,0,7.2292,1,1,0.5,1,1,0,0,0,0,1,0,0,0,0,0,0,0,0,1
861,0.0,3,41.0,2,0,14.1083,3,0,0.5,1,0,0,1,0,0,1,0,0,0,0,0,0,0,0,1
862,0.0,2,21.0,1,0,11.5,2,0,0.5,1,0,0,1,0,0,1,0,0,0,0,0,0,0,0,1
863,1.0,1,48.0,0,0,25.9292,1,1,0.5,0,0,0,1,0,0,0,1,0,0,0,0,1,0,0,0
864,0.0,3,9.835808753967285,8,2,69.55,11,0,0.0,0,0,0,1,0,1,0,0,0,0,0,0,0,0,0,1
865,0.0,2,24.0,0,0,13.0,1,1,0.5,1,0,0,1,0,0,1,0,0,0,0,0,0,0,0,1
866,1.0,2,42.0,0,0,13.0,1,1,0.5,0,0,0,1,0,0,0,1,0,0,0,0,0,0,0,1
867,1.0,2,27.0,1,0,13.8583,2,0,0.5,0,1,0,0,0,1,0,0,0,0,0,0,0,0,0,1
868,0.0,1,31.0,0,0,50.4958,1,1,0.5,1,0,0,1,0,0,1,0,0,1,0,0,0,0,0,0
869,0.0,3,28.0058536529541,0,0,9.5,1,1,0.5,1,0,0,1,0,0,1,0,0,0,0,0,0,0,0,1
870,1.0,3,4.0,1,1,11.1333,3,0,1.0,1,0,0,1,1,0,0,0,0,0,0,0,0,0,0,1
871,0.0,3,26.0,0,0,7.8958,1,1,0.5,1,0,0,1,0,0,1,0,0,0,0,0,0,0,0,1
872,1.0,1,47.0,1,1,52.5542,3,0,1.0,0,0,0,1,0,0,0,1,0,0,0,0,1,0,0,0
873,0.0,1,33.0,0,0,5.0,1,1,0.5,1,0,0,1,0,0,1,0,0,0,1,0,0,0,0,0
874,0.0,3,47.0,0,0,9.0,1,1,0.5,1,0,0,1,0,0,1,0,0,0,0,0,0,0,0,1
875,1.0,2,28.0,1,0,24.0,2,0,0.0,0,1,0,0,0,0,0,1,0,0,0,0,0,0,0,1
876,1.0,3,15.0,0,0,7.225,1,1,0.5,0,1,0,0,0,1,0,0,0,0,0,0,0,0,0,1
877,0.0,3,20.0,0,0,9.8458,1,1,0.0,1,0,0,1,0,0,1,0,0,0,0,0,0,0,0,1
878,0.0,3,19.0,0,0,7.8958,1,1,0.0,1,0,0,1,0,0,1,0,0,0,0,0,0,0,0,1
879,0.0,3,28.0058536529541,0,0,7.8958,1,1,0.5,1,0,0,1,0,0,1,0,0,0,0,0,0,0,0,1
880,1.0,1,56.0,0,1,83.1583,2,0,1.0,0,1,0,0,0,0,0,1,0,0,0,1,0,0,0,0
881,1.0,2,25.0,0,1,26.0,2,0,1.0,0,0,0,1,0,0,0,1,0,0,0,0,0,0,0,1
882,0.0,3,33.0,0,0,7.8958,1,1,0.5,1,0,0,1,0,0,1,0,0,0,0,0,0,0,0,1
883,0.0,3,22.0,0,0,10.5167,1,1,0.5,0,0,0,1,0,1,0,0,0,0,0,0,0,0,0,1
884,0.0,2,28.0,0,0,10.5,1,1,0.5,1,0,0,1,0,0,1,0,0,0,0,0,0,0,0,1
885,0.0,3,25.0,0,0,7.05,1,1,0.5,1,0,0,1,0,0,1,0,0,0,0,0,0,0,0,1
886,0.0,3,39.0,0,5,29.125,6,0,0.0,0,0,1,0,0,0,0,1,0,0,0,0,0,0,0,1
887,0.0,2,27.0,0,0,13.0,1,1,0.5,1,0,0,1,0,0,0,0,1,0,0,0,0,0,0,1
888,1.0,1,19.0,0,0,30.0,1,1,0.5,0,0,0,1,0,1,0,0,0,0,1,0,0,0,0,0
889,0.0,3,15.938092231750488,1,2,23.45,4,0,0.0,0,0,0,1,0,1,0,0,0,0,0,0,0,0,0,1
890,1.0,1,26.0,0,0,30.0,1,1,0.5,1,1,0,0,0,0,1,0,0,0,0,1,0,0,0,0
891,0.0,3,32.0,0,0,7.75,1,1,0.5,1,0,1,0,0,0,1,0,0,0,0,0,0,0,0,1
892,,3,34.5,0,0,7.8292,1,1,0.5,1,0,1,0,0,0,1,0,0,0,0,0,0,0,0,1
893,,3,47.0,1,0,7.0,2,0,0.5,0,0,0,1,0,0,0,1,0,0,0,0,0,0,0,1
894,,2,62.0,0,0,9.6875,1,1,0.5,1,0,1,0,0,0,1,0,0,0,0,0,0,0,0,1
895,,3,27.0,0,0,8.6625,1,1,0.5,1,0,0,1,0,0,1,0,0,0,0,0,0,0,0,1
896,,3,22.0,1,1,12.2875,3,0,1.0,0,0,0,1,0,0,0,1,0,0,0,0,0,0,0,1
897,,3,14.0,0,0,9.225,1,1,0.5,1,0,0,1,0,0,1,0,0,0,0,0,0,0,0,1
898,,3,30.0,0,0,7.6292,1,1,0.5,0,0,1,0,0,1,0,0,0,0,0,0,0,0,0,1
899,,2,26.0,1,1,29.0,3,0,1.0,1,0,0,1,0,0,1,0,0,0,0,0,0,0,0,1
900,,3,18.0,0,0,7.2292,1,1,0.5,0,1,0,0,0,0,0,1,0,0,0,0,0,0,0,1
901,,3,21.0,2,0,24.15,3,0,0.0,1,0,0,1,0,0,1,0,0,0,0,0,0,0,0,1
902,,3,28.0058536529541,0,0,7.8958,1,1,0.5,1,0,0,1,0,0,1,0,0,0,0,0,0,0,0,1
903,,1,46.0,0,0,26.0,1,1,0.5,1,0,0,1,0,0,1,0,0,0,0,0,0,0,0,1
904,,1,23.0,1,0,82.2667,2,0,0.5,0,0,0,1,0,0,0,1,0,0,1,0,0,0,0,0
905,,2,63.0,1,0,26.0,2,0,0.5,1,0,0,1,0,0,1,0,0,0,0,0,0,0,0,1
906,,1,47.0,1,0,61.175,2,0,0.0,0,0,0,1,0,0,0,1,0,0,0,0,0,1,0,0
907,,2,24.0,1,0,27.7208,2,0,0.0,0,1,0,0,0,0,0,1,0,0,0,0,0,0,0,1
908,,2,35.0,0,0,12.35,1,1,1.0,1,0,1,0,0,0,1,0,0,0,0,0,0,0,0,1
909,,3,21.0,0,0,7.225,1,1,0.5,1,1,0,0,0,0,1,0,0,0,0,0,0,0,0,1
910,,3,27.0,1,0,7.925,2,0,0.0,0,0,0,1,0,1,0,0,0,0,0,0,0,0,0,1
911,,3,45.0,0,0,7.225,1,1,0.5,0,1,0,0,0,0,0,1,0,0,0,0,0,0,0,1
912,,1,55.0,1,0,59.4,2,0,1.0,1,1,0,0,0,0,1,0,0,0,0,0,0,0,0,1
913,,3,9.0,0,1,3.1708,2,0,0.5,1,0,0,1,1,0,0,0,0,0,0,0,0,0,0,1
914,,1,40.9089469909668,0,0,31.6833,1,1,0.5,0,0,0,1,0,0,0,1,0,0,0,0,0,0,0,1
915,,1,21.0,0,1,61.3792,2,0,0.0,1,1,0,0,0,0,1,0,0,0,0,0,0,0,0,1
916,,1,48.0,1,3,262.375,5,0,1.0,0,1,0,0,0,0,0,1,0,0,1,0,0,0,0,0
917,,3,50.0,1,0,14.5,2,0,0.0,1,0,0,1,0,0,1,0,0,0,0,0,0,0,0,1
918,,1,22.0,0,1,61.9792,2,0,0.0,0,1,0,0,0,1,0,0,0,0,1,0,0,0,0,0
919,,3,22.5,0,0,7.225,1,1,0.5,1,1,0,0,0,0,1,0,0,0,0,0,0,0,0,1
920,,1,41.0,0,0,30.5,1,1,0.5,1,0,0,1,0,0,1,0,0,1,0,0,0,0,0,0
921,,3,23.706615447998047,2,0,21.6792,3,0,0.0,1,1,0,0,0,0,1,0,0,0,0,0,0,0,0,1
922,,2,50.0,1,0,26.0,2,0,1.0,1,0,0,1,0,0,1,0,0,0,0,0,0,0,0,1
923,,2,24.0,2,0,31.5,3,0,0.5,1,0,0,1,0,0,1,0,0,0,0,0,0,0,0,1
924,,3,33.0,1,2,20.575,4,0,1.0,0,0,0,1,0,0,0,1,0,0,0,0,0,0,0,1
925,,3,15.938092231750488,1,2,23.45,4,0,0.0,0,0,0,1,0,0,0,1,0,0,0,0,0,0,0,1
926,,1,30.0,1,0,57.75,2,0,0.5,1,1,0,0,0,0,1,0,0,0,0,1,0,0,0,0
927,,3,18.5,0,0,7.2292,1,1,0.5,1,1,0,0,0,0,1,0,0,0,0,0,0,0,0,1
928,,3,28.0058536529541,0,0,8.05,1,1,0.5,0,0,0,1,0,1,0,0,0,0,0,0,0,0,0,1
929,,3,21.0,0,0,8.6625,1,1,0.0,0,0,0,1,0,1,0,0,0,0,0,0,0,0,0,1
930,,3,25.0,0,0,9.5,1,1,0.5,1,0,0,1,0,0,1,0,0,0,0,0,0,0,0,1
931,,3,23.591169357299805,0,0,56.4958,1,1,1.0,1,0,0,1,0,0,1,0,0,0,0,0,0,0,0,1
932,,3,39.0,0,1,13.4167,2,0,1.0,1,1,0,0,0,0,1,0,0,0,0,0,0,0,0,1
933,,1,40.9089469909668,0,0,26.55,1,1,0.5,1,0,0,1,0,0,1,0,0,0,0,0,1,0,0,0
934,,3,41.0,0,0,7.85,1,1,0.5,1,0,0,1,0,0,1,0,0,0,0,0,0,0,0,1
935,,2,30.0,0,0,13.0,1,1,0.5,0,0,0,1,0,0,0,1,0,0,0,0,0,0,0,1
936,,1,45.0,1,0,52.5542,2,0,1.0,0,0,0,1,0,0,0,1,0,0,0,0,1,0,0,0
937,,3,25.0,0,0,7.925,1,1,0.5,1,0,0,1,0,0,1,0,0,0,0,0,0,0,0,1
938,,1,45.0,0,0,29.7,1,1,0.5,1,1,0,0,0,0,1,0,0,1,0,0,0,0,0,0
939,,3,28.0058536529541,0,0,7.75,1,1,0.5,1,0,1,0,0,0,1,0,0,0,0,0,0,0,0,1
940,,1,60.0,0,0,76.2917,1,1,1.0,0,1,0,0,0,0,0,1,0,0,0,0,1,0,0,0
941,,3,36.0,0,2,15.9,3,0,1.0,0,0,0,1,0,0,0,1,0,0,0,0,0,0,0,1
942,,1,24.0,1,0,60.0,2,0,0.5,1,0,0,1,0,0,1,0,0,0,0,1,0,0,0,0
943,,2,27.0,0,0,15.0333,1,1,0.5,1,1,0,0,0,0,1,0,0,0,0,0,0,0,0,1
944,,2,20.0,2,1,23.0,4,0,1.0,0,0,0,1,0,1,0,0,0,0,0,0,0,0,0,1
945,,1,28.0,3,2,263.0,6,0,1.0,0,0,0,1,0,1,0,0,0,0,0,1,0,0,0,0
946,,2,32.56178283691406,0,0,15.5792,1,1,0.5,1,1,0,0,0,0,1,0,0,0,0,0,0,0,0,1
947,,3,10.0,4,1,29.125,6,0,0.0,1,0,1,0,1,0,0,0,0,0,0,0,0,0,0,1
948,,3,35.0,0,0,7.8958,1,1,0.0,1,0,0,1,0,0,1,0,0,0,0,0,0,0,0,1
949,,3,25.0,0,0,7.65,1,1,0.5,1,0,0,1,0,0,1,0,0,0,0,0,0,0,1,0
950,,3,25.99787712097168,1,0,16.1,2,0,1.0,1,0,0,1,0,0,1,0,0,0,0,0,0,0,0,1
951,,1,36.0,0,0,262.375,1,1,1.0,0,1,0,0,0,1,0,0,0,0,1,0,0,0,0,0
952,,3,17.0,0,0,7.8958,1,1,0.5,1,0,0,1,0,0,1,0,0,0,0,0,0,0,0,1
953,,2,32.0,0,0,13.5,1,1,0.5,1,0,0,1,0,0,1,0,0,0,0,0,0,0,0,1
954,,3,18.0,0,0,7.75,1,1,0.5,1,0,0,1,0,0,1,0,0,0,0,0,0,0,0,1
955,,3,22.0,0,0,7.725,1,1,0.5,0,0,1,0,0,1,0,0,0,0,0,0,0,0,0,1
956,,1,13.0,2,2,262.375,5,0,1.0,1,1,0,0,1,0,0,0,0,0,1,0,0,0,0,0
957,,2,32.56178283691406,0,0,21.0,1,1,0.5,0,0,0,1,0,0,0,1,0,0,0,0,0,0,0,1
958,,3,18.0,0,0,7.8792,1,1,0.5,0,0,1,0,0,1,0,0,0,0,0,0,0,0,0,1
959,,1,47.0,0,0,42.4,1,1,0.0,1,0,0,1,0,0,1,0,0,0,0,0,0,0,0,1
960,,1,31.0,0,0,28.5375,1,1,0.5,1,1,0,0,0,0,1,0,0,0,0,1,0,0,0,0
961,,1,60.0,1,4,263.0,6,0,1.0,0,0,0,1,0,0,0,1,0,0,0,1,0,0,0,0
962,,3,24.0,0,0,7.75,1,1,0.5,0,0,1,0,0,1,0,0,0,0,0,0,0,0,0,1
963,,3,21.0,0,0,7.8958,1,1,0.5,1,0,0,1,0,0,1,0,0,0,0,0,0,0,0,1
964,,3,29.0,0,0,7.925,1,1,0.5,0,0,0,1,0,1,0,0,0,0,0,0,0,0,0,1
965,,1,28.5,0,0,27.7208,1,1,0.5,1,1,0,0,0,0,1,0,0,0,0,0,1,0,0,0
966,,1,35.0,0,0,211.5,1,1,0.0,0,1,0,0,0,1,0,0,0,0,0,1,0,0,0,0
967,,1,32.5,0,0,211.5,1,1,0.0,1,1,0,0,0,0,1,0,0,0,0,1,0,0,0,0
968,,3,28.0058536529541,0,0,8.05,1,1,0.5,1,0,0,1,0,0,1,0,0,0,0,0,0,0,0,1
969,,1,55.0,2,0,25.7,3,0,0.5,0,0,0,1,0,0,0,1,0,0,0,1,0,0,0,0
970,,2,30.0,0,0,13.0,1,1,0.5,1,0,0,1,0,0,1,0,0,0,0,0,0,0,0,1
971,,3,24.0,0,0,7.75,1,1,0.5,0,0,1,0,0,1,0,0,0,0,0,0,0,0,0,1
972,,3,6.0,1,1,15.2458,3,0,0.0,1,1,0,0,1,0,0,0,0,0,0,0,0,0,0,1
973,,1,67.0,1,0,221.7792,2,0,0.0,1,0,0,1,0,0,1,0,0,0,0,1,0,0,0,0
974,,1,49.0,0,0,26.0,1,1,0.5,1,0,0,1,0,0,1,0,0,0,0,0,0,0,0,1
975,,3,28.0058536529541,0,0,7.8958,1,1,0.5,1,0,0,1,0,0,1,0,0,0,0,0,0,0,0,1
976,,2,32.56178283691406,0,0,10.7083,1,1,0.5,1,0,1,0,0,0,1,0,0,0,0,0,0,0,0,1
977,,3,27.537206649780273,1,0,14.4542,2,0,0.5,1,1,0,0,0,0,1,0,0,0,0,0,0,0,0,1
978,,3,27.0,0,0,7.8792,1,1,0.5,0,0,1,0,0,1,0,0,0,0,0,0,0,0,0,1
979,,3,18.0,0,0,8.05,1,1,0.5,0,0,0,1,0,1,0,0,0,0,0,0,0,0,0,1
980,,3,28.0058536529541,0,0,7.75,1,1,0.5,0,0,1,0,0,0,0,0,1,0,0,0,0,0,0,1
981,,2,2.0,1,1,23.0,3,0,1.0,1,0,0,1,1,0,0,0,0,0,0,0,0,0,0,1
982,,3,22.0,1,0,13.9,2,0,0.5,0,0,0,1,0,0,0,1,0,0,0,0,0,0,0,1
983,,3,28.0058536529541,0,0,7.775,1,1,0.5,1,0,0,1,0,0,1,0,0,0,0,0,0,0,0,1
984,,1,27.0,1,2,52.0,4,0,0.0,0,0,0,1,0,0,0,1,0,0,1,0,0,0,0,0
985,,3,28.0058536529541,0,0,8.05,1,1,0.5,1,0,0,1,0,0,1,0,0,0,0,0,0,0,0,1
986,,1,25.0,0,0,26.0,1,1,0.5,1,1,0,0,0,0,1,0,0,0,0,0,0,0,0,1
987,,3,25.0,0,0,7.7958,1,1,0.5,1,0,0,1,0,0,1,0,0,0,0,0,0,0,0,1
988,,1,76.0,1,0,78.85,2,0,1.0,0,0,0,1,0,0,0,1,0,0,0,1,0,0,0,0
989,,3,29.0,0,0,7.925,1,1,0.5,1,0,0,1,0,0,1,0,0,0,0,0,0,0,0,1
990,,3,20.0,0,0,7.8542,1,1,0.5,0,0,0,1,0,1,0,0,0,0,0,0,0,0,0,1
991,,3,33.0,0,0,8.05,1,1,0.5,1,0,0,1,0,0,1,0,0,0,0,0,0,0,0,1
992,,1,43.0,1,0,55.4417,2,0,0.5,0,1,0,0,0,0,0,1,0,0,0,1,0,0,0,0
993,,2,27.0,1,0,26.0,2,0,1.0,1,0,0,1,0,0,1,0,0,0,0,0,0,0,0,1
994,,3,28.0058536529541,0,0,7.75,1,1,0.5,1,0,1,0,0,0,1,0,0,0,0,0,0,0,0,1
995,,3,26.0,0,0,7.775,1,1,0.5,1,0,0,1,0,0,1,0,0,0,0,0,0,0,0,1
996,,3,16.0,1,1,8.5167,3,0,1.0,0,1,0,0,0,0,0,1,0,0,0,0,0,0,0,1
997,,3,28.0,0,0,22.525,1,1,0.0,1,0,0,1,0,0,1,0,0,0,0,0,0,0,0,1
998,,3,21.0,0,0,7.8208,1,1,0.5,1,0,1,0,0,0,1,0,0,0,0,0,0,0,0,1
999,,3,28.0058536529541,0,0,7.75,1,1,0.5,1,0,1,0,0,0,1,0,0,0,0,0,0,0,0,1
1000,,3,28.0058536529541,0,0,8.7125,1,1,0.5,1,0,0,1,0,0,1,0,0,0,0,0,0,0,0,1
1001,,2,18.5,0,0,13.0,1,1,0.5,1,0,0,1,0,0,1,0,0,0,0,0,0,0,1,0
1002,,2,41.0,0,0,15.0458,1,1,0.5,1,1,0,0,0,0,1,0,0,0,0,0,0,0,0,1
1003,,3,28.0058536529541,0,0,7.7792,1,1,0.5,0,0,1,0,0,1,0,0,0,0,0,0,0,0,0,1
1004,,1,36.0,0,0,31.6792,1,1,0.5,0,1,0,0,0,1,0,0,0,1,0,0,0,0,0,0
1005,,3,18.5,0,0,7.2833,1,1,0.5,0,0,1,0,0,1,0,0,0,0,0,0,0,0,0,1
1006,,1,63.0,1,0,221.7792,2,0,0.0,0,0,0,1,0,0,0,1,0,0,0,1,0,0,0,0
1007,,3,18.0,1,0,14.4542,2,0,0.0,1,1,0,0,0,0,1,0,0,0,0,0,0,0,0,1
1008,,3,28.0058536529541,0,0,6.4375,1,1,0.5,1,1,0,0,0,0,1,0,0,0,0,0,0,0,0,1
1009,,3,1.0,1,1,16.7,3,0,1.0,0,0,0,1,0,1,0,0,0,0,0,0,0,0,0,1
1010,,1,36.0,0,0,75.2417,1,1,0.5,1,1,0,0,0,0,1,0,0,0,0,1,0,0,0,0
1011,,2,29.0,1,0,26.0,2,0,0.0,0,0,0,1,0,0,0,1,0,0,0,0,0,0,0,1
1012,,2,12.0,0,0,15.75,1,1,1.0,0,0,0,1,0,1,0,0,0,0,0,0,0,0,0,1
1013,,3,26.351966857910156,1,0,7.75,2,0,0.0,1,0,1,0,0,0,1,0,0,0,0,0,0,0,0,1
1014,,1,35.0,1,0,57.75,2,0,0.5,0,1,0,0,0,0,0,1,0,0,0,1,0,0,0,0
1015,,3,28.0,0,0,7.25,1,1,0.5,1,0,0,1,0,0,1,0,0,0,0,0,0,0,0,1
1016,,3,28.0058536529541,0,0,7.75,1,1,0.5,1,0,1,0,0,0,1,0,0,0,0,0,0,0,0,1
1017,,3,17.0,0,1,16.1,2,0,0.0,0,0,0,1,0,1,0,0,0,0,0,0,0,0,0,1
1018,,3,22.0,0,0,7.7958,1,1,0.5,1,0,0,1,0,0,1,0,0,0,0,0,0,0,0,1
1019,,3,22.688589096069336,2,0,23.25,3,0,1.0,0,0,1,0,0,1,0,0,0,0,0,0,0,0,0,1
1020,,2,42.0,0,0,13.0,1,1,0.5,1,0,0,1,0,0,1,0,0,0,0,0,0,0,0,1
1021,,3,24.0,0,0,8.05,1,1,0.5,1,0,0,1,0,0,1,0,0,0,0,0,0,0,0,1
1022,,3,32.0,0,0,8.05,1,1,0.5,1,0,0,1,0,0,1,0,0,0,0,0,0,0,0,1
1023,,1,53.0,0,0,28.5,1,1,0.5,1,1,0,0,0,0,0,0,1,0,0,1,0,0,0,0
1024,,3,34.468421936035156,0,4,25.4667,5,0,0.0,0,0,0,1,0,0,0,1,0,0,0,0,0,0,0,1
1025,,3,27.537206649780273,1,0,6.4375,2,0,0.5,1,1,0,0,0,0,1,0,0,0,0,0,0,0,0,1
1026,,3,43.0,0,0,7.8958,1,1,0.5,1,0,0,1,0,0,1,0,0,0,0,0,0,0,0,1
1027,,3,24.0,0,0,7.8542,1,1,0.5,1,0,0,1,0,0,1,0,0,0,0,0,0,0,0,1
1028,,3,26.5,0,0,7.225,1,1,0.5,1,1,0,0,0,0,1,0,0,0,0,0,0,0,0,1
1029,,2,26.0,0,0,13.0,1,1,0.5,1,0,0,1,0,0,1,0,0,0,0,0,0,0,0,1
1030,,3,23.0,0,0,8.05,1,1,0.5,0,0,0,1,0,1,0,0,0,0,0,0,0,0,0,1
1031,,3,40.0,1,6,46.9,8,0,0.0,1,0,0,1,0,0,1,0,0,0,0,0,0,0,0,1
1032,,3,10.0,5,2,46.9,8,0,0.0,0,0,0,1,0,1,0,0,0,0,0,0,0,0,0,1
1033,,1,33.0,0,0,151.55,1,1,1.0,0,0,0,1,0,1,0,0,0,0,0,0,0,0,0,1
1034,,1,61.0,1,3,262.375,5,0,1.0,1,1,0,0,0,0,1,0,0,0,1,0,0,0,0,0
1035,,2,28.0,0,0,26.0,1,1,0.0,1,0,0,1,0,0,1,0,0,0,0,0,0,0,0,1
1036,,1,42.0,0,0,26.55,1,1,0.5,1,0,0,1,0,0,1,0,0,0,0,0,0,0,0,1
1037,,3,31.0,3,0,18.0,4,0,0.0,1,0,0,1,0,0,1,0,0,0,0,0,0,0,0,1
1038,,1,39.13871383666992,0,0,51.8625,1,1,0.0,1,0,0,1,0,0,1,0,0,0,0,0,0,1,0,0
1039,,3,22.0,0,0,8.05,1,1,0.5,1,0,0,1,0,0,1,0,0,0,0,0,0,0,0,1
1040,,1,40.9089469909668,0,0,26.55,1,1,0.5,1,0,0,1,0,0,1,0,0,0,0,0,0,0,0,1
1041,,2,30.0,1,1,26.0,3,0,0.0,1,0,0,1,0,0,0,0,1,0,0,0,0,0,0,1
1042,,1,23.0,0,1,83.1583,2,0,1.0,0,1,0,0,0,0,0,1,0,0,0,1,0,0,0,0
1043,,3,28.0058536529541,0,0,7.8958,1,1,0.5,1,1,0,0,0,0,1,0,0,0,0,0,0,0,0,1
1044,,3,60.5,0,0,14.4542,1,1,0.5,1,0,0,1,0,0,1,0,0,0,0,0,0,0,0,1
1045,,3,36.0,0,2,12.1833,3,0,0.5,0,0,0,1,0,0,0,1,0,0,0,0,0,0,0,1
1046,,3,13.0,4,2,31.3875,7,0,1.0,1,0,0,1,1,0,0,0,0,0,0,0,0,0,0,1
1047,,3,24.0,0,0,7.55,1,1,0.5,1,0,0,1,0,0,1,0,0,0,0,0,0,0,0,1
1048,,1,29.0,0,0,221.7792,1,1,0.0,0,0,0,1,0,1,0,0,0,0,0,1,0,0,0,0
1049,,3,23.0,0,0,7.8542,1,1,0.5,0,0,0,1,0,1,0,0,0,0,0,0,0,0,0,1
1050,,1,42.0,0,0,26.55,1,1,0.5,1,0,0,1,0,0,1,0,0,0,0,0,1,0,0,0
1051,,3,26.0,0,2,13.775,3,0,0.5,0,0,0,1,0,0,0,1,0,0,0,0,0,0,0,1
1052,,3,28.0058536529541,0,0,7.7333,1,1,0.5,0,0,1,0,0,1,0,0,0,0,0,0,0,0,0,1
1053,,3,7.0,1,1,15.2458,3,0,1.0,1,1,0,0,1,0,0,0,0,0,0,0,0,0,0,1
1054,,2,26.0,0,0,13.5,1,1,0.5,0,0,0,1,0,1,0,0,0,0,0,0,0,0,0,1
1055,,3,28.0058536529541,0,0,7.0,1,1,0.5,1,0,0,1,0,0,1,0,0,0,0,0,0,0,0,1
1056,,2,41.0,0,0,13.0,1,1,0.5,1,0,0,1,0,0,0,0,1,0,0,0,0,0,0,1
1057,,3,26.0,1,1,22.025,3,0,1.0,0,0,0,1,0,0,0,1,0,0,0,0,0,0,0,1
1058,,1,48.0,0,0,50.4958,1,1,0.5,1,1,0,0,0,0,1,0,0,0,1,0,0,0,0,0
1059,,3,18.0,2,2,34.375,5,0,0.0,1,0,0,1,0,0,1,0,0,0,0,0,0,0,0,1
1060,,1,40.9089469909668,0,0,27.7208,1,1,0.5,0,1,0,0,0,0,0,1,0,0,0,0,0,0,0,1
1061,,3,22.0,0,0,8.9625,1,1,0.5,0,0,0,1,0,1,0,0,0,0,0,0,0,0,0,1
1062,,3,28.0058536529541,0,0,7.55,1,1,0.5,1,0,0,1,0,0,1,0,0,0,0,0,0,0,0,1
1063,,3,27.0,0,0,7.225,1,1,0.5,1,1,0,0,0,0,1,0,0,0,0,0,0,0,0,1
1064,,3,23.0,1,0,13.9,2,0,0.5,1,0,0,1,0,0,1,0,0,0,0,0,0,0,0,1
1065,,3,28.0058536529541,0,0,7.2292,1,1,0.5,1,1,0,0,0,0,1,0,0,0,0,0,0,0,0,1
1066,,3,40.0,1,5,31.3875,7,0,1.0,1,0,0,1,0,0,1,0,0,0,0,0,0,0,0,1
1067,,2,15.0,0,2,39.0,3,0,1.0,0,0,0,1,0,1,0,0,0,0,0,0,0,0,0,1
1068,,2,20.0,0,0,36.75,1,1,1.0,0,0,0,1,0,1,0,0,0,0,0,0,0,0,0,1
1069,,1,54.0,1,0,55.4417,2,0,0.5,1,1,0,0,0,0,1,0,0,0,0,1,0,0,0,0
1070,,2,36.0,0,3,39.0,4,0,1.0,0,0,0,1,0,0,0,1,0,0,0,0,0,0,1,0
1071,,1,64.0,0,2,83.1583,3,0,1.0,0,1,0,0,0,0,0,1,0,0,0,0,0,1,0,0
1072,,2,30.0,0,0,13.0,1,1,0.5,1,0,0,1,0,0,1,0,0,0,0,0,0,0,0,1
1073,,1,37.0,1,1,83.1583,3,0,1.0,1,1,0,0,0,0,1,0,0,0,0,0,0,1,0,0
1074,,1,18.0,1,0,53.1,2,0,0.0,0,0,0,1,0,0,0,1,0,0,0,0,1,0,0,0
1075,,3,28.0058536529541,0,0,7.75,1,1,0.5,1,0,1,0,0,0,1,0,0,0,0,0,0,0,0,1
1076,,1,27.0,1,1,247.5208,3,0,1.0,0,1,0,0,0,0,0,1,0,0,1,0,0,0,0,0
1077,,2,40.0,0,0,16.0,1,1,0.5,1,0,0,1,0,0,1,0,0,0,0,0,0,0,0,1
1078,,2,21.0,0,1,21.0,2,0,0.5,0,0,0,1,0,1,0,0,0,0,0,0,0,0,0,1
1079,,3,17.0,2,0,8.05,3,0,0.5,1,0,0,1,0,0,1,0,0,0,0,0,0,0,0,1
1080,,3,9.835808753967285,8,2,69.55,11,0,0.0,0,0,0,1,0,1,0,0,0,0,0,0,0,0,0,1
1081,,2,40.0,0,0,13.0,1,1,0.5,1,0,0,1,0,0,1,0,0,0,0,0,0,0,0,1
1082,,2,34.0,1,0,26.0,2,0,1.0,1,0,0,1,0,0,1,0,0,0,0,0,0,0,0,1
1083,,1,40.9089469909668,0,0,26.0,1,1,0.5,1,0,0,1,0,0,1,0,0,0,0,0,0,0,0,1
1084,,3,11.5,1,1,14.5,3,0,0.0,1,0,0,1,1,0,0,0,0,0,0,0,0,0,0,1
1085,,2,61.0,0,0,12.35,1,1,0.5,1,0,1,0,0,0,1,0,0,0,0,0,0,0,0,1
1086,,2,8.0,0,2,32.5,3,0,1.0,1,0,0,1,1,0,0,0,0,0,0,0,0,0,0,1
1087,,3,33.0,0,0,7.8542,1,1,0.5,1,0,0,1,0,0,1,0,0,0,0,0,0,0,0,1
1088,,1,6.0,0,2,134.5,3,0,1.0,1,1,0,0,1,0,0,0,0,0,0,0,0,1,0,0
1089,,3,18.0,0,0,7.775,1,1,0.5,0,0,0,1,0,1,0,0,0,0,0,0,0,0,0,1
1090,,2,23.0,0,0,10.5,1,1,0.5,1,0,0,1,0,0,1,0,0,0,0,0,0,0,0,1
1091,,3,28.0058536529541,0,0,8.1125,1,1,0.5,0,0,0,1,0,0,0,1,0,0,0,0,0,0,0,1
1092,,3,23.591169357299805,0,0,15.5,1,1,1.0,0,0,1,0,0,1,0,0,0,0,0,0,0,0,0,1
1093,,3,0.33,0,2,14.4,3,0,0.0,1,0,0,1,1,0,0,0,0,0,0,0,0,0,0,1
1094,,1,47.0,1,0,227.525,2,0,1.0,1,1,0,0,0,0,0,0,1,0,0,1,0,0,0,0
1095,,2,8.0,1,1,26.0,3,0,1.0,0,0,0,1,0,1,0,0,0,0,0,0,0,0,0,1
1096,,2,25.0,0,0,10.5,1,1,0.5,1,0,0,1,0,0,1,0,0,0,0,0,0,0,0,1
1097,,1,40.9089469909668,0,0,25.7417,1,1,0.5,1,1,0,0,0,0,1,0,0,0,0,0,0,0,0,1
1098,,3,35.0,0,0,7.75,1,1,0.5,0,0,1,0,0,1,0,0,0,0,0,0,0,0,0,1
1099,,2,24.0,0,0,10.5,1,1,0.5,1,0,0,1,0,0,1,0,0,0,0,0,0,0,0,1
1100,,1,33.0,0,0,27.7208,1,1,0.5,0,1,0,0,0,1,0,0,0,1,0,0,0,0,0,0
1101,,3,25.0,0,0,7.8958,1,1,0.5,1,0,0,1,0,0,1,0,0,0,0,0,0,0,0,1
1102,,3,32.0,0,0,22.525,1,1,0.0,1,0,0,1,0,0,1,0,0,0,0,0,0,0,0,1
1103,,3,28.0058536529541,0,0,7.05,1,1,0.5,1,0,0,1,0,0,1,0,0,0,0,0,0,0,0,1
1104,,2,17.0,0,0,73.5,1,1,0.0,1,0,0,1,0,0,1,0,0,0,0,0,0,0,0,1
1105,,2,60.0,1,0,26.0,2,0,0.5,0,0,0,1,0,0,0,1,0,0,0,0,0,0,0,1
1106,,3,38.0,4,2,7.775,7,0,0.5,0,0,0,1,0,1,0,0,0,0,0,0,0,0,0,1
1107,,1,42.0,0,0,42.5,1,1,0.5,1,0,0,1,0,0,1,0,0,0,1,0,0,0,0,0
1108,,3,28.0058536529541,0,0,7.8792,1,1,0.5,0,0,1,0,0,1,0,0,0,0,0,0,0,0,0,1
1109,,1,57.0,1,1,164.8667,3,0,1.0,1,0,0,1,0,0,1,0,0,0,0,0,0,0,0,1
1110,,1,50.0,1,1,211.5,3,0,0.0,0,1,0,0,0,0,0,1,0,0,0,1,0,0,0,0
1111,,3,28.0058536529541,0,0,8.05,1,1,0.5,1,0,0,1,0,0,1,0,0,0,0,0,0,0,0,1
1112,,2,30.0,1,0,13.8583,2,0,1.0,0,1,0,0,0,1,0,0,0,0,0,0,0,0,0,1
1113,,3,21.0,0,0,8.05,1,1,0.5,1,0,0,1,0,0,1,0,0,0,0,0,0,0,0,1
1114,,2,22.0,0,0,10.5,1,1,0.5,0,0,0,1,0,0,0,1,0,0,0,0,0,0,1,0
1115,,3,21.0,0,0,7.7958,1,1,0.5,1,0,0,1,0,0,1,0,0,0,0,0,0,0,0,1
1116,,1,53.0,0,0,27.4458,1,1,0.5,0,1,0,0,0,0,0,1,0,0,0,0,0,0,0,1
1117,,3,19.598634719848633,0,2,15.2458,3,0,1.0,0,1,0,0,0,0,0,1,0,0,0,0,0,0,0,1
1118,,3,23.0,0,0,7.7958,1,1,0.5,1,0,0,1,0,0,1,0,0,0,0,0,0,0,0,1
1119,,3,28.0058536529541,0,0,7.75,1,1,0.5,0,0,1,0,0,1,0,0,0,0,0,0,0,0,0,1
1120,,3,40.5,0,0,15.1,1,1,0.0,1,0,0,1,0,0,1,0,0,0,0,0,0,0,0,1
1121,,2,36.0,0,0,13.0,1,1,0.5,1,0,0,1,0,0,1,0,0,0,0,0,0,0,0,1
1122,,2,14.0,0,0,65.0,1,1,1.0,1,0,0,1,0,0,1,0,0,0,0,0,0,0,0,1
1123,,1,21.0,0,0,26.55,1,1,0.5,0,0,0,1,0,1,0,0,0,0,0,0,0,0,0,1
1124,,3,21.0,1,0,6.4958,2,0,0.0,1,0,0,1,0,0,1,0,0,0,0,0,0,0,0,1
1125,,3,28.0058536529541,0,0,7.8792,1,1,0.5,1,0,1,0,0,0,1,0,0,0,0,0,0,0,0,1
1126,,1,39.0,1,0,71.2833,2,0,1.0,1,1,0,0,0,0,1,0,0,0,0,1,0,0,0,0
1127,,3,20.0,0,0,7.8542,1,1,0.5,1,0,0,1,0,0,1,0,0,0,0,0,0,0,0,1
1128,,1,64.0,1,0,75.25,2,0,1.0,1,1,0,0,0,0,1,0,0,0,0,0,1,0,0,0
1129,,3,20.0,0,0,7.225,1,1,0.5,1,1,0,0,0,0,1,0,0,0,0,0,0,0,0,1
1130,,2,18.0,1,1,13.0,3,0,0.5,0,0,0,1,0,1,0,0,0,0,0,0,0,0,0,1
1131,,1,48.0,1,0,106.425,2,0,1.0,0,1,0,0,0,0,0,1,0,0,0,1,0,0,0,0
1132,,1,55.0,0,0,27.7208,1,1,0.5,0,1,0,0,0,0,0,1,0,0,0,0,0,0,0,1
1133,,2,45.0,0,2,30.0,3,0,1.0,0,0,0,1,0,0,0,1,0,0,0,0,0,0,0,1
1134,,1,45.0,1,1,134.5,3,0,1.0,1,1,0,0,0,0,1,0,0,0,0,0,0,1,0,0
1135,,3,28.0058536529541,0,0,7.8875,1,1,0.5,1,0,0,1,0,0,1,0,0,0,0,0,0,0,0,1
1136,,3,15.938092231750488,1,2,23.45,4,0,0.0,1,0,0,1,1,0,0,0,0,0,0,0,0,0,0,1
1137,,1,41.0,1,0,51.8625,2,0,1.0,1,0,0,1,0,0,1,0,0,0,0,0,1,0,0,0
1138,,2,22.0,0,0,21.0,1,1,0.5,0,0,0,1,0,0,0,1,0,0,0,0,0,0,0,1
1139,,2,42.0,1,1,32.5,3,0,1.0,1,0,0,1,0,0,1,0,0,0,0,0,0,0,0,1
1140,,2,29.0,1,0,26.0,2,0,0.0,0,0,0,1,0,0,0,1,0,0,0,0,0,0,0,1
1141,,3,27.537206649780273,1,0,14.4542,2,0,0.5,0,1,0,0,0,0,0,1,0,0,0,0,0,0,0,1
1142,,2,0.92,1,2,27.75,4,0,1.0,0,0,0,1,0,1,0,0,0,0,0,0,0,0,0,1
1143,,3,20.0,0,0,7.925,1,1,0.5,1,0,0,1,0,0,1,0,0,0,0,0,0,0,0,1
1144,,1,27.0,1,0,136.7792,2,0,0.5,1,1,0,0,0,0,1,0,0,0,0,1,0,0,0,0
1145,,3,24.0,0,0,9.325,1,1,0.5,1,0,0,1,0,0,1,0,0,0,0,0,0,0,0,1
1146,,3,32.5,0,0,9.5,1,1,0.5,1,0,0,1,0,0,1,0,0,0,0,0,0,0,0,1
1147,,3,28.0058536529541,0,0,7.55,1,1,0.5,1,0,0,1,0,0,1,0,0,0,0,0,0,0,0,1
1148,,3,28.0058536529541,0,0,7.75,1,1,0.5,1,0,1,0,0,0,1,0,0,0,0,0,0,0,0,1
1149,,3,28.0,0,0,8.05,1,1,0.5,1,0,0,1,0,0,1,0,0,0,0,0,0,0,0,1
1150,,2,19.0,0,0,13.0,1,1,0.5,0,0,0,1,0,1,0,0,0,0,0,0,0,0,0,1
1151,,3,21.0,0,0,7.775,1,1,0.5,1,0,0,1,0,0,1,0,0,0,0,0,0,0,0,1
1152,,3,36.5,1,0,17.4,2,0,1.0,1,0,0,1,0,0,1,0,0,0,0,0,0,0,0,1
1153,,3,21.0,0,0,7.8542,1,1,1.0,1,0,0,1,0,0,1,0,0,0,0,0,0,0,0,1
1154,,2,29.0,0,2,23.0,3,0,1.0,0,0,0,1,0,0,0,1,0,0,0,0,0,0,0,1
1155,,3,1.0,1,1,12.1833,3,0,0.5,0,0,0,1,0,1,0,0,0,0,0,0,0,0,0,1
1156,,2,30.0,0,0,12.7375,1,1,0.5,1,1,0,0,0,0,1,0,0,0,0,0,0,0,0,1
1157,,3,28.0058536529541,0,0,7.8958,1,1,0.5,1,0,0,1,0,0,1,0,0,0,0,0,0,0,0,1
1158,,1,40.9089469909668,0,0,0.0,1,1,0.5,1,0,0,1,0,0,1,0,0,0,0,0,0,0,0,1
1159,,3,28.0058536529541,0,0,7.55,1,1,0.5,1,0,0,1,0,0,1,0,0,0,0,0,0,0,0,1
1160,,3,28.0058536529541,0,0,8.05,1,1,0.5,0,0,0,1,0,1,0,0,0,0,0,0,0,0,0,1
1161,,3,17.0,0,0,8.6625,1,1,0.5,1,0,0,1,0,0,1,0,0,0,0,0,0,0,0,1
1162,,1,46.0,0,0,75.2417,1,1,0.5,1,1,0,0,0,0,1,0,0,0,0,1,0,0,0,0
1163,,3,28.0058536529541,0,0,7.75,1,1,0.5,1,0,1,0,0,0,1,0,0,0,0,0,0,0,0,1
1164,,1,26.0,1,0,136.7792,2,0,0.5,0,1,0,0,0,0,0,1,0,0,0,1,0,0,0,0
1165,,3,26.351966857910156,1,0,15.5,2,0,0.0,0,0,1,0,0,1,0,0,0,0,0,0,0,0,0,1
1166,,3,28.0058536529541,0,0,7.225,1,1,0.5,1,1,0,0,0,0,1,0,0,0,0,0,0,0,0,1
1167,,2,20.0,1,0,26.0,2,0,0.0,0,0,0,1,0,1,0,0,0,0,0,0,0,0,0,1
1168,,2,28.0,0,0,10.5,1,1,0.5,1,0,0,1,0,0,1,0,0,0,0,0,0,0,0,1
1169,,2,40.0,1,0,26.0,2,0,1.0,1,0,0,1,0,0,1,0,0,0,0,0,0,0,0,1
1170,,2,30.0,1,0,21.0,2,0,0.5,1,0,0,1,0,0,1,0,0,0,0,0,0,0,0,1
1171,,2,22.0,0,0,10.5,1,1,0.5,1,0,0,1,0,0,1,0,0,0,0,0,0,0,0,1
1172,,3,23.0,0,0,8.6625,1,1,0.0,0,0,0,1,0,1,0,0,0,0,0,0,0,0,0,1
1173,,3,0.75,1,1,13.775,3,0,0.5,1,0,0,1,1,0,0,0,0,0,0,0,0,0,0,1
1174,,3,28.0058536529541,0,0,7.75,1,1,0.5,0,0,1,0,0,1,0,0,0,0,0,0,0,0,0,1
1175,,3,9.0,1,1,15.2458,3,0,1.0,0,1,0,0,0,1,0,0,0,0,0,0,0,0,0,1
1176,,3,2.0,1,1,20.2125,3,0,0.0,0,0,0,1,0,1,0,0,0,0,0,0,0,0,0,1
1177,,3,36.0,0,0,7.25,1,1,0.0,1,0,0,1,0,0,1,0,0,0,0,0,0,0,0,1
1178,,3,28.0058536529541,0,0,7.25,1,1,0.5,1,0,0,1,0,0,1,0,0,0,0,0,0,0,0,1
1179,,1,24.0,1,0,82.2667,2,0,0.5,1,0,0,1,0,0,1,0,0,0,1,0,0,0,0,0
1180,,3,28.0058536529541,0,0,7.2292,1,1,0.5,1,1,0,0,0,0,1,0,0,0,0,0,0,0,1,0
1181,,3,28.0058536529541,0,0,8.05,1,1,0.5,1,0,0,1,0,0,1,0,0,0,0,0,0,0,0,1
1182,,1,40.9089469909668,0,0,39.6,1,1,0.5,1,0,0,1,0,0,1,0,0,0,0,0,0,0,0,1
1183,,3,30.0,0,0,6.95,1,1,0.5,0,0,1,0,0,1,0,0,0,0,0,0,0,0,0,1
1184,,3,28.0058536529541,0,0,7.2292,1,1,0.5,1,1,0,0,0,0,1,0,0,0,0,0,0,0,0,1
1185,,1,53.0,1,1,81.8583,3,0,1.0,1,0,0,1,0,0,0,0,1,1,0,0,0,0,0,0
1186,,3,36.0,0,0,9.5,1,1,0.5,1,0,0,1,0,0,1,0,0,0,0,0,0,0,0,1
1187,,3,26.0,0,0,7.8958,1,1,0.5,1,0,0,1,0,0,1,0,0,0,0,0,0,0,0,1
1188,,2,1.0,1,2,41.5792,4,0,1.0,0,1,0,0,0,1,0,0,0,0,0,0,0,0,0,1
1189,,3,23.706615447998047,2,0,21.6792,3,0,0.0,1,1,0,0,0,0,1,0,0,0,0,0,0,0,0,1
1190,,1,30.0,0,0,45.5,1,1,0.5,1,0,0,1,0,0,1,0,0,0,0,0,0,0,0,1
1191,,3,29.0,0,0,7.8542,1,1,0.5,1,0,0,1,0,0,1,0,0,0,0,0,0,0,0,1
1192,,3,32.0,0,0,7.775,1,1,0.5,1,0,0,1,0,0,1,0,0,0,0,0,0,0,0,1
1193,,2,32.56178283691406,0,0,15.0458,1,1,0.5,1,1,0,0,0,0,1,0,0,0,0,0,1,0,0,0
1194,,2,43.0,0,1,21.0,2,0,0.5,1,0,0,1,0,0,1,0,0,0,0,0,0,0,0,1
1195,,3,24.0,0,0,8.6625,1,1,0.5,1,0,0,1,0,0,1,0,0,0,0,0,0,0,0,1
1196,,3,28.0058536529541,0,0,7.75,1,1,0.5,0,0,1,0,0,1,0,0,0,0,0,0,0,0,0,1
1197,,1,64.0,1,1,26.55,3,0,0.5,0,0,0,1,0,0,0,1,0,0,1,0,0,0,0,0
1198,,1,30.0,1,2,151.55,4,0,1.0,1,0,0,1,0,0,1,0,0,0,0,1,0,0,0,0
1199,,3,0.83,0,1,9.35,2,0,1.0,1,0,0,1,1,0,0,0,0,0,0,0,0,0,0,1
1200,,1,55.0,1,1,93.5,3,0,1.0,1,0,0,1,0,0,1,0,0,0,1,0,0,0,0,0
1201,,3,45.0,1,0,14.1083,2,0,0.0,0,0,0,1,0,0,0,1,0,0,0,0,0,0,0,1
1202,,3,18.0,0,0,8.6625,1,1,0.0,1,0,0,1,0,0,1,0,0,0,0,0,0,0,0,1
1203,,3,22.0,0,0,7.225,1,1,0.5,1,1,0,0,0,0,1,0,0,0,0,0,0,0,0,1
1204,,3,28.0058536529541,0,0,7.575,1,1,0.5,1,0,0,1,0,0,1,0,0,0,0,0,0,0,0,1
1205,,3,37.0,0,0,7.75,1,1,1.0,0,0,1,0,0,1,0,0,0,0,0,0,0,0,0,1
1206,,1,55.0,0,0,135.6333,1,1,1.0,0,1,0,0,0,0,0,1,0,0,0,1,0,0,0,0
1207,,3,17.0,0,0,7.7333,1,1,0.5,0,0,1,0,0,1,0,0,0,0,0,0,0,0,0,1
1208,,1,57.0,1,0,146.5208,2,0,1.0,1,1,0,0,0,0,1,0,0,0,1,0,0,0,0,0
1209,,2,19.0,0,0,10.5,1,1,0.5,1,0,0,1,0,0,1,0,0,0,0,0,0,0,0,1
1210,,3,27.0,0,0,7.8542,1,1,1.0,1,0,0,1,0,0,1,0,0,0,0,0,0,0,0,1
1211,,2,22.0,2,0,31.5,3,0,0.5,1,0,0,1,0,0,1,0,0,0,0,0,0,0,0,1
1212,,3,26.0,0,0,7.775,1,1,0.5,1,0,0,1,0,0,1,0,0,0,0,0,0,0,0,1
1213,,3,25.0,0,0,7.2292,1,1,0.5,1,1,0,0,0,0,1,0,0,0,0,0,0,0,1,0
1214,,2,26.0,0,0,13.0,1,1,0.5,1,0,0,1,0,0,1,0,0,0,0,0,0,0,1,0
1215,,1,33.0,0,0,26.55,1,1,0.5,1,0,0,1,0,0,1,0,0,0,0,0,0,0,0,1
1216,,1,39.0,0,0,211.3375,1,1,1.0,0,0,0,1,0,1,0,0,0,0,0,0,0,0,0,1
1217,,3,23.0,0,0,7.05,1,1,0.5,1,0,0,1,0,0,1,0,0,0,0,0,0,0,0,1
1218,,2,12.0,2,1,39.0,4,0,1.0,0,0,0,1,0,1,0,0,0,0,0,0,0,0,1,0
1219,,1,46.0,0,0,79.2,1,1,1.0,1,1,0,0,0,0,1,0,0,0,0,0,0,0,0,1
1220,,2,29.0,1,0,26.0,2,0,1.0,1,0,0,1,0,0,1,0,0,0,0,0,0,0,0,1
1221,,2,21.0,0,0,13.0,1,1,0.5,1,0,0,1,0,0,1,0,0,0,0,0,0,0,0,1
1222,,2,48.0,0,2,36.75,3,0,1.0,0,0,0,1,0,0,0,1,0,0,0,0,0,0,0,1
1223,,1,39.0,0,0,29.7,1,1,0.5,1,1,0,0,0,0,1,0,0,1,0,0,0,0,0,0
1224,,3,28.0058536529541,0,0,7.225,1,1,0.5,1,1,0,0,0,0,1,0,0,0,0,0,0,0,0,1
1225,,3,19.0,1,1,15.7417,3,0,1.0,0,1,0,0,0,0,0,1,0,0,0,0,0,0,0,1
1226,,3,27.0,0,0,7.8958,1,1,0.0,1,0,0,1,0,0,1,0,0,0,0,0,0,0,0,1
1227,,1,30.0,0,0,26.0,1,1,0.5,1,0,0,1,0,0,1,0,0,0,0,1,0,0,0,0
1228,,2,32.0,0,0,13.0,1,1,0.5,1,0,0,1,0,0,1,0,0,0,0,0,0,0,0,1
1229,,3,39.0,0,2,7.2292,3,0,0.0,1,1,0,0,0,0,1,0,0,0,0,0,0,0,0,1
1230,,2,25.0,0,0,31.5,1,1,0.5,1,0,0,1,0,0,1,0,0,0,0,0,0,0,0,1
1231,,3,28.0058536529541,0,0,7.2292,1,1,0.5,1,1,0,0,1,0,0,0,0,0,0,0,0,0,0,1
1232,,2,18.0,0,0,10.5,1,1,0.5,1,0,0,1,0,0,1,0,0,0,0,0,0,0,0,1
1233,,3,32.0,0,0,7.5792,1,1,0.5,1,0,0,1,0,0,1,0,0,0,0,0,0,0,0,1
1234,,3,40.2235107421875,1,9,69.55,11,0,0.0,1,0,0,1,0,0,1,0,0,0,0,0,0,0,0,1
1235,,1,58.0,0,1,512.3292,2,0,1.0,0,1,0,0,0,0,0,1,0,0,1,0,0,0,0,0
1236,,3,18.50043296813965,1,1,14.5,3,0,0.0,1,0,0,1,1,0,0,0,0,0,0,0,0,0,0,1
1237,,3,16.0,0,0,7.65,1,1,0.5,0,0,0,1,0,1,0,0,0,0,0,0,0,0,0,1
1238,,2,26.0,0,0,13.0,1,1,0.5,1,0,0,1,0,0,1,0,0,0,0,0,0,0,0,1
1239,,3,38.0,0,0,7.2292,1,1,0.5,0,1,0,0,0,0,0,1,0,0,0,0,0,0,0,1
1240,,2,24.0,0,0,13.5,1,1,0.5,1,0,0,1,0,0,1,0,0,0,0,0,0,0,0,1
1241,,2,31.0,0,0,21.0,1,1,1.0,0,0,0,1,0,1,0,0,0,0,0,0,0,0,0,1
1242,,1,45.0,0,1,63.3583,2,0,1.0,0,1,0,0,0,0,0,1,0,0,0,0,1,0,0,0
1243,,2,25.0,0,0,10.5,1,1,0.5,1,0,0,1,0,0,1,0,0,0,0,0,0,0,0,1
1244,,2,18.0,0,0,73.5,1,1,0.0,1,0,0,1,0,0,1,0,0,0,0,0,0,0,0,1
1245,,2,49.0,1,2,65.0,4,0,1.0,1,0,0,1,0,0,1,0,0,0,0,0,0,0,0,1
1246,,3,0.17,1,2,20.575,4,0,1.0,0,0,0,1,0,1,0,0,0,0,0,0,0,0,0,1
1247,,1,50.0,0,0,26.0,1,1,0.5,1,0,0,1,0,0,1,0,0,0,0,0,0,1,0,0
1248,,1,59.0,2,0,51.4792,3,0,1.0,0,0,0,1,0,0,0,1,0,0,0,1,0,0,0,0
1249,,3,28.0058536529541,0,0,7.8792,1,1,0.5,1,0,0,1,0,0,1,0,0,0,0,0,0,0,0,1
1250,,3,28.0058536529541,0,0,7.75,1,1,0.5,1,0,1,0,0,0,1,0,0,0,0,0,0,0,0,1
1251,,3,30.0,1,0,15.55,2,0,0.0,0,0,0,1,0,0,0,1,0,0,0,0,0,0,0,1
1252,,3,14.5,8,2,69.55,11,0,0.0,1,0,0,1,1,0,0,0,0,0,0,0,0,0,0,1
1253,,2,24.0,1,1,37.0042,3,0,1.0,0,1,0,0,0,0,0,1,0,0,0,0,0,0,0,1
1254,,2,31.0,0,0,21.0,1,1,0.5,0,0,0,1,0,0,0,1,0,0,0,0,0,0,0,1
1255,,3,27.0,0,0,8.6625,1,1,0.5,1,0,0,1,0,0,1,0,0,0,0,0,0,0,0,1
1256,,1,25.0,1,0,55.4417,2,0,1.0,0,1,0,0,0,0,0,1,0,0,0,0,0,1,0,0
1257,,3,40.2235107421875,1,9,69.55,11,0,0.0,0,0,0,1,0,0,0,1,0,0,0,0,0,0,0,1
1258,,3,26.351966857910156,1,0,14.4583,2,0,0.0,1,1,0,0,0,0,1,0,0,0,0,0,0,0,0,1
1259,,3,22.0,0,0,39.6875,1,1,0.0,0,0,0,1,0,1,0,0,0,0,0,0,0,0,0,1
1260,,1,45.0,0,1,59.4,2,0,0.5,0,1,0,0,0,0,0,1,0,0,0,0,0,0,0,1
1261,,2,29.0,0,0,13.8583,1,1,0.5,1,1,0,0,0,0,1,0,0,0,0,0,0,0,0,1
1262,,2,21.0,1,0,11.5,2,0,0.0,1,0,0,1,0,0,1,0,0,0,0,0,0,0,0,1
1263,,1,31.0,0,0,134.5,1,1,1.0,0,1,0,0,0,1,0,0,0,0,0,0,0,1,0,0
1264,,1,49.0,0,0,0.0,1,1,0.0,1,0,0,1,0,0,1,0,0,0,1,0,0,0,0,0
1265,,2,44.0,0,0,13.0,1,1,0.5,1,0,0,1,0,0,1,0,0,0,0,0,0,0,0,1
1266,,1,54.0,1,1,81.8583,3,0,1.0,0,0,0,1,0,0,0,1,0,1,0,0,0,0,0,0
1267,,1,45.0,0,0,262.375,1,1,1.0,0,1,0,0,0,1,0,0,0,0,0,0,0,0,0,1
1268,,3,22.0,2,0,8.6625,3,0,0.0,0,0,0,1,0,1,0,0,0,0,0,0,0,0,0,1
1269,,2,21.0,0,0,11.5,1,1,0.5,1,0,0,1,0,0,1,0,0,0,0,0,0,0,0,1
1270,,1,55.0,0,0,50.0,1,1,0.5,1,0,0,1,0,0,1,0,0,0,0,1,0,0,0,0
1271,,3,5.0,4,2,31.3875,7,0,1.0,1,0,0,1,1,0,0,0,0,0,0,0,0,0,0,1
1272,,3,26.820613861083984,0,0,7.75,1,1,0.0,1,0,1,0,0,0,1,0,0,0,0,0,0,0,0,1
1273,,3,26.0,0,0,7.8792,1,1,0.5,1,0,1,0,0,0,1,0,0,0,0,0,0,0,0,1
1274,,3,26.820613861083984,0,0,14.5,1,1,0.0,0,0,0,1,0,0,0,1,0,0,0,0,0,0,0,1
1275,,3,19.0,1,0,16.1,2,0,0.0,0,0,0,1,0,0,0,1,0,0,0,0,0,0,0,1
1276,,2,32.56178283691406,0,0,12.875,1,1,0.5,1,0,0,1,0,0,1,0,0,0,0,0,0,0,0,1
1277,,2,24.0,1,2,65.0,4,0,1.0,0,0,0,1,0,1,0,0,0,0,0,0,0,0,0,1
1278,,3,24.0,0,0,7.775,1,1,0.5,1,0,0,1,0,0,1,0,0,0,0,0,0,0,0,1
1279,,2,57.0,0,0,13.0,1,1,0.5,1,0,0,1,0,0,1,0,0,0,0,0,0,0,0,1
1280,,3,21.0,0,0,7.75,1,1,0.0,1,0,1,0,0,0,1,0,0,0,0,0,0,0,0,1
1281,,3,6.0,3,1,21.075,5,0,0.0,1,0,0,1,1,0,0,0,0,0,0,0,0,0,0,1
1282,,1,23.0,0,0,93.5,1,1,1.0,1,0,0,1,0,0,1,0,0,0,1,0,0,0,0,0
1283,,1,51.0,0,1,39.4,2,0,1.0,0,0,0,1,0,0,0,1,0,0,0,0,1,0,0,0
1284,,3,13.0,0,2,20.25,3,0,1.0,1,0,0,1,1,0,0,0,0,0,0,0,0,0,0,1
1285,,2,47.0,0,0,10.5,1,1,0.5,1,0,0,1,0,0,1,0,0,0,0,0,0,0,0,1
1286,,3,29.0,3,1,22.025,5,0,1.0,1,0,0,1,0,0,1,0,0,0,0,0,0,0,0,1
1287,,1,18.0,1,0,60.0,2,0,0.5,0,0,0,1,0,0,0,1,0,0,0,1,0,0,0,0
1288,,3,24.0,0,0,7.25,1,1,0.5,1,0,1,0,0,0,1,0,0,0,0,0,0,0,0,1
1289,,1,48.0,1,1,79.2,3,0,1.0,0,1,0,0,0,0,0,1,0,0,1,0,0,0,0,0
1290,,3,22.0,0,0,7.775,1,1,0.5,1,0,0,1,0,0,1,0,0,0,0,0,0,0,0,1
1291,,3,31.0,0,0,7.7333,1,1,0.5,1,0,1,0,0,0,1,0,0,0,0,0,0,0,0,1
1292,,1,30.0,0,0,164.8667,1,1,1.0,0,0,0,1,0,1,0,0,0,0,0,1,0,0,0,0
1293,,2,38.0,1,0,21.0,2,0,0.0,1,0,0,1,0,0,1,0,0,0,0,0,0,0,0,1
1294,,1,22.0,0,1,59.4,2,0,0.5,0,1,0,0,0,1,0,0,0,0,0,0,0,0,0,1
1295,,1,17.0,0,0,47.1,1,1,0.0,1,0,0,1,0,0,1,0,0,0,0,0,0,0,0,1
1296,,1,43.0,1,0,27.7208,2,0,0.5,1,1,0,0,0,0,1,0,0,0,0,0,1,0,0,0
1297,,2,20.0,0,0,13.8625,1,1,0.5,1,1,0,0,0,0,1,0,0,0,0,0,1,0,0,0
1298,,2,23.0,1,0,10.5,2,0,0.5,1,0,0,1,0,0,1,0,0,0,0,0,0,0,0,1
1299,,1,50.0,1,1,211.5,3,0,0.0,1,1,0,0,0,0,1,0,0,0,0,1,0,0,0,0
1300,,3,28.0058536529541,0,0,7.7208,1,1,0.5,0,0,1,0,0,1,0,0,0,0,0,0,0,0,0,1
1301,,3,3.0,1,1,13.775,3,0,0.5,0,0,0,1,0,1,0,0,0,0,0,0,0,0,0,1
1302,,3,28.0058536529541,0,0,7.75,1,1,0.5,0,0,1,0,0,1,0,0,0,0,0,0,0,0,0,1
1303,,1,37.0,1,0,90.0,2,0,1.0,0,0,1,0,0,0,0,1,0,0,0,1,0,0,0,0
1304,,3,28.0,0,0,7.775,1,1,0.5,0,0,0,1,0,1,0,0,0,0,0,0,0,0,0,1
1305,,3,28.0058536529541,0,0,8.05,1,1,0.5,1,0,0,1,0,0,1,0,0,0,0,0,0,0,0,1
1306,,1,39.0,0,0,108.9,1,1,1.0,0,1,0,0,0,0,0,0,1,0,0,1,0,0,0,0
1307,,3,38.5,0,0,7.25,1,1,0.5,1,0,0,1,0,0,1,0,0,0,0,0,0,0,0,1
1308,,3,28.0058536529541,0,0,8.05,1,1,0.5,1,0,0,1,0,0,1,0,0,0,0,0,0,0,0,1
1309,,3,17.89824867248535,1,1,22.3583,3,0,1.0,1,1,0,0,1,0,0,0,0,0,0,0,0,0,0,1
